disorder_id	symbol
369	FOXRED1
17940	ABHD12
659	FAM161A
732	WDR62
732	CEP152
954	CEP152
2824	SDCCAG8
3244	SDCCAG8
11067	LIPA
11068	LIPA
2465	HPSE2
659	PCARE
8775	TMEM127
2459	VIPAS39
12047	TPRN
28755	SLC52A3
3349	OAT
12047	GRXCR1
1727	PEPD
3290	CYB5R3
3253	XPC
665	DNAAF1
1631	CANT1
17611	VWF
17613	VWF
17614	VWF
17615	VWF
17616	VWF
17617	VWF
7036	TSPAN12
1290	RETREG1
930	NF1
8775	NF1
11747	NF1
12945	NF1
16905	NF1
21360	GM2A
12047	LOXHD1
1022	INPP5E
1644	INPP5E
11096	INPP5E
18916	INPP5E
8772	TAT
19058	TMEM126A
12860	PGAM2
21692	COQ9
12671	DUOXA2
11299	CPOX
517	ALDOB
457	QDPR
665	RSPH4A
3252	ANK1
19613	ANK1
665	DNAAF2
659	EYS
1784	SLC29A3
17774	SLC29A3
1889	PAH
11279	PAH
11543	PAH
20847	PAH
17619	FASTKD2
854	F5
926	F5
21909	F5
22604	F5
3383	PROC
13	FUCA1
2401	ADAMTSL2
4045	ADAMTSL2
21369	GALNS
280	CC2D2A
519	CC2D2A
1644	CC2D2A
14707	ZFYVE26
22075	TRAPPC9
11309	MMADHC
19548	SLC16A12
27791	LMF1
2913	APC
8665	APC
11544	APC
21470	APC
20066	KCTD7
2571	ATP6V0A2
676	FBP1
40	GUSB
555	CA2
11281	GLB1
11282	GLB1
11283	GLB1
3243	LCA5
22365	LCA5
634	FANCI
16697	RNF135
17815	NHEJ1
3253	XPA
14527	FGD4
21992	G6PC3
2393	OBSL1
16739	DARS2
280	RPGRIP1L
1644	RPGRIP1L
18917	RPGRIP1L
18946	FLVCR2
15	AGL
2563	SPG11
21137	SPG11
24167	SPG11
2813	SLC35D1
2283	STRA6
13955	STRA6
3244	BBS12
19	PFKM
913	CYP11B1
12098	CYP11B1
12047	MARVELD2
243	SEC23B
13890	SEC23B
659	HGSNAT
11297	HGSNAT
634	PALB2
3384	PALB2
3708	PALB2
18792	P3H1
18793	P3H1
1310	DOK7
12047	PJVK
1663	SLC4A11
13991	SLC4A11
20862	SLC4A11
280	CEP290
519	CEP290
2824	CEP290
3243	CEP290
3244	CEP290
486	ADAMTSL4
402	ALDH5A1
280	TMEM67
1022	TMEM67
1644	TMEM67
11612	TMEM67
17013	TMEM67
659	SPATA7
3243	SPATA7
22365	SPATA7
18680	TMPRSS6
11308	MMACHC
11302	HMBS
12047	TRIOBP
567	ACOX1
3257	PKLR
21336	LPL
11296	NAGLU
23555	NAGLU
503	HPD
10935	HPD
19763	NLRP7
19764	NLRP7
369	NDUFAF2
19559	NLRP12
634	FANCM
2393	CUL7
106	CHMP2B
14643	CHMP2B
20340	CHMP2B
7	MANBA
13987	PIKFYVE
1649	ERCC6
18016	ERCC6
18016	ERCC8
106	FIG4
3051	FIG4
16913	FIG4
265	NIPAL4
11420	NIPAL4
10887	KIFBP
971	ESCO2
543	MSH2
3245	MSH2
12096	CYP17A1
12099	CYP17A1
16684	SPRED1
12047	GPSM2
21500	GPSM2
8571	LPAR6
10760	LPAR6
2824	IQCB1
3243	IQCB1
19801	MRPS16
10395	SUGCT
14722	REEP1
18935	PDCD10
852	POU6F2
13925	PNPLA2
28442	PNPLA2
11338	MMUT
20777	MMUT
3033	ADAMTS10
1022	ARL13B
282	UNC13D
659	AHI1
1022	AHI1
18916	AHI1
502	SLC6A19
10466	SLC6A19
110	CHD7
3249	CHD7
10452	CHD7
659	ARL6
3244	ARL6
659	RDH12
3243	RDH12
101	EFHC1
102	EFHC1
11478	GJC2
20447	GJC2
21721	GJC2
10319	GTF2H5
19807	PDHX
2334	TSEN54
17608	TSEN54
665	DNAAF4
299	NIPBL
21940	NIPBL
2641	SEC63
552	ROBO3
12046	MYH14
22698	MYH14
2459	VPS33B
99	VHL
8775	VHL
19276	VHL
20390	VHL
176	NCF2
145	NCF1
176	NCF1
176	CYBA
10857	SETX
22199	SETX
17	PYGM
11820	SYNE1
21649	SYNE1
3480	CHST14
21311	MCEE
3551	PLCE1
659	USH2A
19168	USH2A
659	CERKL
11256	HJV
417	ARG1
932	PINK1
461	CPS1
3370	NAGS
26	NEU1
3247	EXT2
10684	EXT2
24178	EXT2
14522	SH3TC2
732	CDK5RAP2
526	EXT1
3247	EXT1
10762	EXT1
923	CACNA2D4
1843	CACNA2D4
562	SOX9
933	SOX9
1044	SOX9
2037	SOX9
5546	SOX9
19642	SOX9
19604	SATB2
19605	SATB2
1213	PUS1
21337	APOC2
117	NHLRC1
1959	ANTXR2
2069	ANTXR2
21537	ASPA
21538	ASPA
2277	SIL1
2725	NPHP3
2824	NPHP3
12426	NPHP3
20595	TPP1
1993	GORAB
3244	BBS9
6	SUMF1
18935	CCM2
12047	WHRN
19168	WHRN
14417	FERMT3
8620	FERMT1
8581	DSG4
10760	DSG4
659	BEST1
2769	BEST1
4510	BEST1
10378	BEST1
14017	BEST1
16900	BEST1
20046	BEST1
1847	LEMD3
2533	LEMD3
12544	LEMD3
27	GNPTAB
23158	GNPTAB
18528	GBE1
23159	GNPTG
1046	FRAS1
12163	FRAS1
445	VPS13B
713	ACAT1
1844	CNNM4
265	ABCA12
2139	ABCA12
11420	ABCA12
22639	PCSK9
3382	ITGA2B
8692	ITGA2B
17007	ITGA2B
14529	SBF2
19167	USH1G
17931	SECISBP2
998	SAR1B
1701	CLCF1
17149	CLCF1
11298	GNS
11644	OSTM1
11105	SMPD1
11106	SMPD1
18670	KCNV2
104	ATM
903	ATM
10693	ATM
10899	ATM
21362	ARSA
21363	ARSA
21364	ARSA
117	EPM2A
10670	KCNQ1
12056	KCNQ1
14727	KCNQ1
22357	ADAMTS17
11336	MMAA
473	DYM
18019	DYM
635	FKTN
8724	FKTN
8725	FKTN
8726	FKTN
18521	FKTN
8725	POMT2
8726	POMT2
18522	POMT2
8725	POMT1
8726	POMT1
11732	POMT1
665	NME8
3506	MC2R
8675	CDC73
14452	CDC73
14453	CDC73
183	NF2
1030	NF2
12482	NF2
3035	AIRE
1039	SALL4
1280	SALL4
2168	SALL4
19897	SALL4
324	SRD5A2
903	SRD5A2
564	FLCN
8627	FLCN
23138	FLCN
287	EVC2
1272	EVC2
12047	TMIE
2824	NPHP4
265	ALOXE3
11420	ALOXE3
20528	ALOXE3
967	IRF6
1534	IRF6
14371	IRF6
17077	IRF6
18394	IRF6
18395	IRF6
2548	PTF1A
10870	PTF1A
19198	DTNBP1
11350	ALG12
634	FANCA
732	MCPH1
230	PAX6
416	PAX6
512	PAX6
742	PAX6
2590	PAX6
10399	PAX6
19593	PAX6
230	WT1
852	WT1
852	WT1
1044	WT1
2773	WT1
3551	WT1
3552	WT1
3616	WT1
11579	WT1
19642	WT1
2824	NPHP1
3244	NPHP1
18917	NPHP1
12557	SLC22A12
465	MTHFR
20187	MTHFR
20188	MTHFR
20189	MTHFR
20190	MTHFR
20191	MTHFR
20192	MTHFR
20194	MTHFR
20195	MTHFR
20196	MTHFR
20197	MTHFR
20198	MTHFR
20199	MTHFR
659	IMPG2
14017	IMPG2
9282	TRPM6
12771	EHMT1
19899	EHMT1
12587	COG8
11318	LCAT
11319	LCAT
22639	LDLR
220	TYR
11457	TYR
11460	TYR
22110	TYR
22111	TYR
249	LYST
22107	LYST
18495	GALC
10963	IRAK4
134	ATP7B
14623	SERPING1
14624	SERPING1
293	TCOF1
1328	ALMS1
45	FXN
659	POMGNT1
8725	POMGNT1
8726	POMGNT1
18523	POMGNT1
12047	MYO3A
21321	GAA
23106	GAA
12671	TPO
3295	MLYCD
12671	DUOX2
1309	SAMHD1
25239	SAMHD1
209	SLC26A2
10766	SLC26A2
12235	SLC26A2
12244	SLC26A2
12046	TMC1
12047	TMC1
97	PKHD1
10715	PKHD1
19195	HPS4
588	NSD1
604	NSD1
1121	NSD1
19128	NSD1
796	GP1BA
8692	GP1BA
10700	GP1BA
17007	GP1BA
16706	GFM1
1812	SMARCAL1
124	TREX1
1309	TREX1
19537	TREX1
25239	TREX1
14517	GDAP1
14521	GDAP1
14808	GDAP1
14813	GDAP1
18817	GDAP1
8725	FKRP
8726	FKRP
10337	FKRP
2157	MYO5B
11332	MYO5B
25207	MYO5B
1751	ZMPSTE24
2670	ZMPSTE24
11256	HAMP
14426	EIF2B2
2375	NLRP3
3395	NLRP3
10608	NLRP3
11913	BSND
12047	BSND
659	CLRN1
19169	CLRN1
27672	APOA5
19530	ALS2
20839	ALS2
21137	ALS2
1427	APTX
23023	CTNS
23024	CTNS
23025	CTNS
2482	WNT10A
7026	WNT10A
10664	WNT10A
14371	WNT10A
432	CLEC7A
14488	DICER1
14489	DICER1
20371	DICER1
20598	DICER1
22928	DICER1
10378	MFRP
19619	MFRP
812	WFS1
12046	WFS1
1007	BSCL2
14709	BSCL2
22293	BSCL2
659	BBS2
3244	BBS2
2965	SLC2A10
10879	RAB23
11796	SLURP1
11800	SLURP1
1443	TWNK
2589	TWNK
10966	TWNK
22319	TWNK
22625	ALX3
14322	HAX1
11272	PDP1
993	DCLRE1C
10452	DCLRE1C
2172	UBR1
2219	VPS13A
954	PCNT
6020	PCNT
634	BRIP1
3384	BRIP1
8531	TMC8
8531	TMC6
22639	LDLRAP1
1680	SOST
2819	SOST
3010	SOST
10852	PRX
14525	PRX
14488	FOXL2
28732	FOXL2
28735	FOXL2
28736	FOXL2
408	AIP
3387	AIP
14298	AIP
21528	AIP
14418	LPIN1
3387	CDH23
12047	CDH23
12121	CDH23
12827	CDH23
19167	CDH23
21528	CDH23
12047	PCDH15
19167	PCDH15
158	ELOVL4
1902	ELOVL4
22057	ELOVL4
18792	CRTAP
18793	CRTAP
18794	CRTAP
665	DNAI2
732	ASPM
765	ABCG8
22639	ABCG8
765	ABCG5
22639	ABCG5
280	RPGRIP1
1843	RPGRIP1
3243	RPGRIP1
10684	ALX4
10796	ALX4
19121	ALX4
936	GAN
1253	AAAS
18667	FOXP2
19612	FOXP2
1461	OPA1
13690	OPA1
660	TSC1
3386	TSC1
18690	TSC1
20238	TSC1
14523	NDRG1
29	MCOLN1
12047	USH1C
19167	USH1C
22876	ATP6V0A4
1042	MESP2
106	TREM2
631	TREM2
2523	TREM2
14643	TREM2
20340	TREM2
158	CNGB3
1842	CNGB3
10639	CNGB3
8659	CYLD
282	STX11
938	SPINK5
19195	HPS1
18376	PDE11A
2178	TBCE
25847	TBCE
2286	MKKS
3244	MKKS
448	SLC12A6
287	EVC
1272	EVC
13924	ABHD5
3551	NPHS2
18976	TFR2
61	RRM2B
8030	RRM2B
19813	RRM2B
21930	RRM2B
13913	LTBP4
18949	LTBP4
18949	LTBP4
659	MERTK
960	WRN
822	TCIRG1
1784	TCIRG1
2530	TCIRG1
18682	TCIRG1
4045	ADAMTS2
12236	TRIP11
17626	TRIP11
816	SACS
635	TCAP
10336	TCAP
12265	GPC6
3245	MLH3
1843	AIPL1
3243	AIPL1
526	TRPS1
11101	TRPS1
3619	ATP2C1
196	CHEK2
903	CHEK2
3384	CHEK2
3758	CHEK2
158	PROM1
659	PROM1
1843	PROM1
21685	PROM1
11263	GALK1
12432	GRHPR
12431	AGXT
27327	SCO2
8559	STAT5B
18913	STAT5B
3551	CD2AP
302	CRLF1
1701	CRLF1
17149	CRLF1
10797	SLC34A2
18935	KRIT1
659	CRB1
3243	CRB1
10378	CRB1
19623	CRB1
11808	SLC27A4
429	RPL11
17866	KISS1R
2862	SLC6A5
10437	SGCE
12422	ADAMTS13
923	GRM6
7026	EDAR
7027	EDAR
3384	RAD50
19345	RAD50
1754	EIF2AK3
14371	AXIN2
21134	AXIN2
22850	AXIN2
1843	UNC119
19061	UNC119
12020	POLH
9284	CLDN16
10643	SLC19A2
659	RP1
11503	RAB27A
770	SLC25A15
19528	SLC25A13
19529	SLC25A13
766	GNE
8729	GNE
23368	GNE
20058	CHST3
1469	RECQL4
2716	RECQL4
18930	RECQL4
11328	CYP7B1
14697	CYP7B1
506	ZFPM2
820	ZFPM2
19642	ZFPM2
12047	OTOF
3551	TRPC6
3244	BBS5
8566	BCS1L
10737	BCS1L
429	RPL5
429	RPS10
10365	PLA2G6
18408	PLA2G6
3366	SLC7A7
923	TRPM1
14528	MTMR2
10694	BCL10
2532	LRP5
2536	LRP5
2538	LRP5
2641	LRP5
3010	LRP5
7036	LRP5
11941	LRP5
18021	LRP5
429	RPS19
634	FANCF
1290	SCN9A
10307	SCN9A
10424	SCN9A
10594	SCN9A
11818	SCN9A
11928	SCN9A
21236	SCN9A
18309	AP3B1
1423	CCN6
891	SYNGAP1
23427	SYNGAP1
28070	SYNGAP1
1447	FLNB
1501	FLNB
2923	FLNB
3716	FLNB
10767	FLNB
3316	SLC22A5
3266	TSHR
12074	TSHR
12668	TSHR
12675	TSHR
225	PEX16
410	PEX16
5016	PEX16
665	DNAH11
665	DNAH5
7023	GJB3
12046	GJB3
12047	GJB3
16912	GJB3
283	DYNC2H1
12212	DYNC2H1
12214	DYNC2H1
20328	SMAD9
11138	PNPO
321	SMARCA4
19153	SMARCA4
24185	SMARCA4
3728	ABCC6
10675	ABCC6
10933	ABCB11
11330	ABCB11
1007	AGPAT2
8720	DYSF
10589	DYSF
18025	DYSF
18402	DYSF
12222	PAPSS2
23563	PAPSS2
1612	NOG
2896	NOG
2907	NOG
16998	NOG
634	FANCG
25800	STXBP1
29924	STXBP1
62	DNMT3B
1018	DNMT3B
8022	PKP2
1351	BUB1B
225	PEX10
410	PEX10
5016	PEX10
19551	PEX10
3574	DHCR7
10424	ADGRV1
19168	ADGRV1
10385	SPG7
14030	SPG7
1042	DLL3
255	CLCN7
2530	CLCN7
18682	CLCN7
3551	NPHS1
4048	NPHS1
1843	ADAM9
22129	EP300
369	NDUFS4
243	SDHD
3377	SDHD
8775	SDHD
12880	SDHD
20390	SDHD
11285	SLC37A4
903	NBN
2823	NBN
3384	NBN
12047	MYO15A
11355	MGAT2
12032	CDSN
20071	CDSN
392	LMX1B
2392	LMX1B
25800	LMX1B
932	PRKN
1593	RAB3GAP1
2322	RAB3GAP1
106	OPTN
49	CFTR
937	CFTR
1000	CFTR
10802	CFTR
25908	CFTR
429	RPS24
10305	FOXC2
10933	ATP8B1
11332	ATP8B1
2194	CTSC
2551	CTSC
3727	GATM
10393	GATM
1674	ROR2
28738	ROR2
1321	HR
8577	HR
783	TCF4
2624	TCF4
2624	TCF4
13991	TCF4
294	SCARB2
11102	SCARB2
17526	SCARB2
220	SOX10
959	SOX10
3249	SOX10
17538	SOX10
218	SALL1
233	STK11
558	KCNJ10
18406	KCNJ10
8650	ECM1
18409	HTRA1
19733	HTRA1
25247	HTRA1
3132	VRK1
23174	VRK1
2207	FGF10
2177	KMT2D
29446	KMT2D
3033	LTBP2
13993	LTBP2
19302	LTBP2
1289	LTBP3
2401	LTBP3
11913	CLCNKA
1045	CLCNKB
11913	CLCNKB
12438	CLCNKB
17232	PKP1
102	CACNB4
18709	CACNB4
21533	GHSR
10378	RAX
13955	RAX
3279	RFXAP
12671	SLC5A5
472	LIG4
10452	LIG4
14385	LIG4
225	PEX14
410	PEX14
5016	PEX14
225	PEX13
410	PEX13
5016	PEX13
2590	CYP1B1
13993	CYP1B1
13994	CYP1B1
12173	VDR
3468	CASP10
225	PEX12
410	PEX12
5016	PEX12
381	PEX7
243	PTEN
565	PTEN
1473	PTEN
2675	PTEN
3384	PTEN
10867	PTEN
11125	PTEN
18693	PTEN
22685	PTEN
25683	PTEN
25684	PTEN
26030	PTEN
26034	PTEN
26073	PTEN
26074	PTEN
1676	TBX4
19278	TBX4
19868	TBX4
20328	TBX4
158	ABCA4
659	ABCA4
1843	ABCA4
237	EYA1
13993	MYOC
13994	MYOC
19263	UBE3A
235	TWIST1
10368	TWIST1
2808	TBX3
1023	TBX5
14727	TBX5
10936	SOX18
7029	ABCA3
10958	ABCA3
321	SMARCB1
1030	SMARCB1
12482	SMARCB1
14539	SMARCB1
19153	SMARCB1
20073	SMARCB1
874	IL12RB1
21672	IL12RB1
1310	RAPSN
10308	RAPSN
4054	PAFAH1B1
18852	PAFAH1B1
2590	PITX2
3485	PITX2
3485	PITX2
12147	PITX2
12618	PROP1
19033	PROP1
905	PPARG
1007	PPARG
11127	PPARG
19649	PPARG
19650	PPARG
12046	MYO1A
20419	DGUOK
21925	DGUOK
3298	OXCT1
635	SGCD
8717	SGCD
937	CTRC
14991	CTRC
823	PKD1
11856	PKD1
207	PTCH1
2202	PTCH1
11113	PTCH1
12484	PTCH1
12485	PTCH1
12486	PTCH1
18904	PTCH1
20435	PTCH1
20436	PTCH1
11125	BMPR1A
21951	BMPR1A
3198	PLEC
4046	PLEC
11427	PLEC
17236	PLEC
19742	PLEC
17833	BIN1
17834	BIN1
508	CASR
937	CASR
5543	CASR
12300	CASR
1287	GDF5
2010	GDF5
2896	GDF5
2907	GDF5
10823	GDF5
12308	GDF5
12311	GDF5
12318	GDF5
294	CSTB
7026	CSTB
571	CTSK
2590	FOXE3
11574	FOXE3
12138	FOXE3
2590	FOXC1
3485	FOXC1
19593	FOXC1
18684	FOXF1
1007	CAV1
18905	CAV1
20328	CAV1
18802	NPC2
18803	NPC2
18804	NPC2
264	CACNA1A
748	CACNA1A
885	CACNA1A
885	CACNA1A
1031	CACNA1A
11018	CACNA1A
13775	CACNA1A
23427	CACNA1A
903	EPHB2
236	SMAD4
2385	SMAD4
3708	SMAD4
12138	SMAD4
21951	SMAD4
17947	NR3C2
12046	MYO6
12047	MYO6
19064	MYO6
635	MYBPC3
1553	AMH
3250	GHR
21532	GHR
8028	KCNJ11
11160	KCNJ11
11542	KCNJ11
14458	KCNJ11
14459	KCNJ11
14562	KCNJ11
20385	KCNJ11
20388	KCNJ11
1584	CRYBB1
634	FANCE
8715	SGCB
3294	HADHA
3555	HADHA
11640	CDKN1C
22683	CDKN1C
23327	CDKN1C
12437	SLC12A1
17819	FOXN1
1842	PDE6C
10639	PDE6C
3384	MRE11
19345	MRE11
19631	MRE11
3253	DDB2
2233	LAMA3
11428	LAMA3
11430	LAMA3
9801	BMPR2
20328	BMPR2
20329	BMPR2
121	CDKN1B
20350	CDKN1B
927	SCNN1G
10802	SCNN1G
17948	SCNN1G
927	SCNN1B
10802	SCNN1B
17948	SCNN1B
2662	SHH
2956	SHH
12258	SHH
12327	SHH
12484	SHH
12485	SHH
12486	SHH
13955	SHH
18904	SHH
20435	SHH
20436	SHH
25091	SHH
19105	PPT1
24074	CHUK
19119	MEF2C
19099	CPT2
19100	CPT2
19101	CPT2
20067	CPT2
2908	NECTIN1
17077	NECTIN1
18394	NECTIN1
18395	NECTIN1
905	NKX2-1
12668	NKX2-1
18666	NKX2-1
905	ETV6
3734	ETV6
13840	ETV6
21543	ETV6
3506	STAR
10601	KLF1
19638	KLF1
20875	KLF1
511	NKX2-5
820	NKX2-5
965	NKX2-5
1121	NKX2-5
2826	NKX2-5
12667	NKX2-5
12668	NKX2-5
19033	LHX3
19213	LHX3
10906	AUH
1215	CPT1A
13937	IGHMBP2
23437	IGHMBP2
149	TTPA
225	PEX5
410	PEX5
5016	PEX5
24237	PEX5
12437	KCNJ1
11563	SMN1
11565	SMN1
11566	SMN1
11567	SMN1
8028	HNF4A
20056	HNF4A
28092	HNF4A
18856	DSC3
3245	PMS2
10391	HMGCS2
927	SCNN1A
8022	SCNN1A
10802	SCNN1A
17948	SCNN1A
787	GCH1
13825	GCH1
443	RUNX2
2316	RUNX2
634	BRCA2
852	BRCA2
903	BRCA2
3384	BRCA2
3708	BRCA2
10366	JAK3
635	SCN5A
965	SCN5A
982	SCN5A
8022	SCN5A
14727	SCN5A
17628	SCN5A
19072	SCN5A
196	CDKN2A
3560	CDKN2A
3708	CDKN2A
22939	CDKN2A
22467	CREBBP
29566	CREBBP
2043	LRP2
2927	ABCA1
9288	ABCA1
1305	OTX2
2825	OTX2
10378	OTX2
12618	OTX2
13955	OTX2
18020	OTX2
3279	CIITA
1044	SRY
1780	SRY
2037	SRY
5546	SRY
19642	SRY
3256	ZNF711
10791	XK
11669	KDM5C
169	AR
12100	AR
12661	AR
14212	AR
11684	SYN1
1043	SHOX
2409	SHOX
21531	SHOX
659	RPGR
665	RPGR
1843	RPGR
10639	RPGR
19523	RPGR
17554	UBE2A
677	PHKA1
21	PIGA
894	PIGA
20841	PIGA
21120	PIGA
22704	PIGA
2747	MAOA
10348	LAMP2
164	L1CAM
541	L1CAM
1668	L1CAM
3249	ANOS1
170	IL2RG
10452	IL2RG
197	HPRT1
11259	HPRT1
17872	F8
17996	F8
1433	GJB1
14786	GJB1
18824	IDS
18825	IDS
177	OPN1LW
1843	OPN1LW
11919	OPN1LW
20103	PHKA2
2216	RAB39B
3256	RAB39B
659	RP2
17869	F9
17870	F9
17871	F9
17997	F9
190	NDP
1645	NDP
7036	NDP
11941	NDP
12154	NDP
2004	PORCN
13955	PORCN
2529	AMER1
94	GLA
1720	AP1S2
11699	AP1S2
11705	AP1S2
11677	PHF8
3423	MID1
11911	PHEX
3726	AVPR2
12439	AVPR2
123	OCRL
12454	OCRL
3256	FTSJ1
27963	SH2D1A
281	BCOR
2473	BCOR
8559	BCOR
176	CYBB
21683	CYBB
1044	NR0B1
5546	NR0B1
12657	NR0B1
19642	NR0B1
168	OTC
10307	PCDH19
14750	PCDH19
931	NHS
180	EDA
14371	EDA
364	MTM1
23678	MTM1
1502	PHF6
14032	PLP1
20438	PLP1
20439	PLP1
20440	PLP1
20441	PLP1
20442	PLP1
635	TAFAZZIN
1059	TAFAZZIN
144	WAS
11727	WAS
921	CHM
13880	EMD
889	ARX
894	ARX
2320	ARX
2835	ARX
3256	ARX
4057	ARX
12553	ARX
635	DMD
3256	DMD
13912	DMD
13913	DMD
18519	DMD
647	ABCD1
16884	ABCD1
22451	ABCD1
10691	TIMM8A
1248	TBX22
21791	TBX22
11683	CUL4B
142	BTK
972	UPF3B
3256	UPF3B
923	NYX
2136	NSDHL
19639	NSDHL
18789	ZIC3
360	IKBKG
10922	IKBKG
13830	IKBKG
21682	IKBKG
1011	BMP15
11668	SLC9A6
3256	IL1RAPL1
10376	EBP
22861	EBP
889	CDKL5
894	CDKL5
26390	CDKL5
12224	TRAPPC2
11371	ARSL
889	CASK
17551	CASK
3256	PAK3
16724	OPHN1
12661	MAMLD1
23678	MAMLD1
923	CACNA1F
1843	CACNA1F
18015	CACNA1F
3256	GDI1
3256	TSPAN7
1315	SLC16A2
2614	RBM10
27964	XIAP
240	RPS6KA3
3256	RPS6KA3
20393	RPS6KA3
2359	HCCS
1638	POU3F4
12050	POU3F4
852	GPC3
912	GPC3
10699	SLC6A8
1687	EFNB1
900	ATRX
14647	ATRX
19184	ATRX
516	FLNA
1975	FLNA
2297	FLNA
11084	FLNA
11811	FLNA
12060	FLNA
13909	FLNA
25256	FLNA
28119	FLNA
278	ATP7A
647	ATP7A
7035	ATP7A
16919	ATP7A
12453	CLCN5
91	MECP2
124	MECP2
1190	MECP2
2764	MECP2
3256	MECP2
18656	MECP2
12046	MYO7A
12047	MYO7A
19167	MYO7A
19168	MYO7A
3494	FAH
4511	F11
12381	IDUA
12382	IDUA
12383	IDUA
20168	DBT
20169	DBT
20170	DBT
20171	DBT
2824	INVS
12426	INVS
20766	AMT
20767	AMT
20768	AMT
11284	G6PC1
3557	PCCA
634	FANCD2
634	FANCC
916	F7
11075	CFI
18421	CFI
19473	CFI
19474	CFI
28081	CFI
3343	SLC25A20
3244	BBS1
21548	CYP21A2
21549	CYP21A2
12095	HSD3B2
1777	VLDLR
9283	AVP
22876	ATP6V1B1
1934	CDH1
8758	CDH1
18395	CDH1
11260	UGT1A1
11261	UGT1A1
905	NTRK1
935	NTRK1
10856	NTRK1
196	TP53
3384	TP53
3599	TP53
3708	TP53
3731	TP53
3758	TP53
3758	TP53
10899	TP53
10953	TP53
18690	TP53
19649	TP53
19650	TP53
19690	TP53
660	TSC2
3386	TSC2
11856	TSC2
18690	TSC2
20237	TSC2
20238	TSC2
421	TNNI2
422	TNNI2
13919	TNNT1
493	TPM3
17907	TPM3
17909	TPM3
17949	TPM3
25102	TPM3
325	TPI1
1294	NOTCH1
3245	TGFBR2
10799	TGFBR2
12138	TGFBR2
14550	TGFBR2
28494	THRB
25223	SRC
13990	ZEB1
13991	ZEB1
903	HNF1B
3626	HNF1B
12168	HNF1B
12177	HNF1B
12178	HNF1B
12914	HNF1B
12915	HNF1B
19866	HNF1B
635	TTN
8730	TTN
16999	TTN
17833	TTN
18027	TTN
20718	TTN
24176	TTN
10783	TIMP3
14405	TRHR
12075	TSHB
12671	TG
11709	CD247
11710	CD247
22610	SURF1
243	SDHB
3377	SDHB
8775	SDHB
10584	SDHB
12880	SDHB
20390	SDHB
1011	NR5A1
1044	NR5A1
2037	NR5A1
5546	NR5A1
19642	NR5A1
2825	SOX2
10378	SOX2
11110	SOX2
13955	SOX2
3252	SPTB
3655	SPTB
885	SCN1A
891	SCN1A
1031	SCN1A
10307	SCN1A
10424	SCN1A
20841	SCN1A
10912	SLC5A2
10965	SPR
732	STIL
12484	STIL
12485	STIL
12486	STIL
18904	STIL
20435	STIL
11805	AHCY
429	RPL35A
903	RNASEL
659	RHO
923	RHO
10695	RHO
3758	RB1
10953	RB1
22197	RB1
22198	RB1
659	PDE6B
923	PDE6B
659	PDE6A
659	RPE65
3243	RPE65
22365	RPE65
18845	REN
10452	RAG1
19165	RAG1
21997	RAG1
158	PRPH2
659	PRPH2
1843	PRPH2
10695	PRPH2
11076	PRPH2
14017	PRPH2
19056	PRPH2
12047	RDX
2641	PRKCSH
3267	PROS1
206	PTPN11
1032	PTPN11
2311	PTPN11
11747	PTPN11
11020	POMC
16887	PSAP
18495	PSAP
21362	PSAP
21363	PSAP
21364	PSAP
889	KCNA1
10444	KCNA1
13826	KCNA1
18401	KCNA1
1730	POLG
8030	POLG
10966	POLG
22878	POLG
823	PKD2
3382	ITGB3
8692	ITGB3
17007	ITGB3
8694	PLG
27892	PLG
3728	ENPP1
10675	ENPP1
20703	ENPP1
21785	ENPP1
12047	SERPINB6
12618	POU1F1
19033	POU1F1
11266	PHKB
20103	PHKG2
635	PLN
10932	ABCB4
10933	ABCB4
11331	ABCB4
225	PEX2
410	PEX2
5016	PEX2
282	PRF1
8751	PRF1
22608	PRF1
10349	TAP2
12310	PTHLH
2257	PTH1R
10306	PTH1R
10665	PTH1R
11148	PTH1R
14371	PAX9
905	PAX8
12667	PAX8
12668	PAX8
12675	PAX8
2438	PAX2
3551	PAX2
12913	PAX2
2939	WNT3
405	GLI3
2011	GLI3
2130	GLI3
12259	GLI3
12269	GLI3
12270	GLI3
12484	GLI2
12485	GLI2
12486	GLI2
12618	GLI2
18904	GLI2
20435	GLI2
20436	GLI2
23116	GLI2
2539	FGF3
11926	FGF3
14379	FGF3
19853	FOXG1
19861	FOXG1
548	MYCN
22197	MYCN
22198	MYCN
22634	MYCN
647	RET
905	RET
2656	RET
8775	RET
12163	RET
14376	RET
19539	RET
20390	RET
671	PNP
1063	NFKBIA
13830	NFKBIA
19649	NFKBIA
19650	NFKBIA
10676	CXCR4
14512	NEFL
14796	NEFL
19117	NEFL
11021	PCSK1
10308	NEB
17906	NEB
17907	NEB
17908	NEB
17909	NEB
22749	NEB
369	NDUFV1
10323	MYO5A
11502	MYO5A
11504	MYO5A
12046	MYH9
18198	MYH9
25142	MYH9
3053	MPL
3599	MPL
8745	MPL
8747	MPL
11014	MPL
22692	MPL
10852	MPZ
14619	MPZ
14793	MPZ
21789	MPZ
27942	MPZ
252	MTTP
220	MITF
959	MITF
3560	MITF
10575	MITF
20874	MITF
21641	MITF
3351	MTR
284	LAMA2
11022	MC4R
11660	MGP
903	MSR1
4043	PLOD1
1225	LHCGR
10670	KCNH2
14727	KCNH2
3233	LIFR
3705	RUNX1
13867	RUNX1
14981	RUNX1
635	LMNA
1751	LMNA
2104	LMNA
2200	LMNA
2670	LMNA
11128	LMNA
13873	LMNA
17166	LMNA
17793	LMNA
20460	LMNA
21138	LMNA
22328	LMNA
2437	LAMB2
11428	LAMB3
11430	LAMB3
11428	LAMC2
11430	LAMC2
20610	LDHA
10921	KRT14
11422	KRT14
11423	KRT14
11425	KRT14
11426	KRT14
11793	KRT14
11903	KRT14
11171	KRT5
11422	KRT5
11423	KRT5
11425	KRT5
11426	KRT5
17235	KRT5
18683	IL1RN
172	INSR
1251	INSR
2707	INSR
20057	INSR
3198	ITGB4
11428	ITGB4
11429	ITGB4
17236	ITGB4
19640	ITGB4
106	SOD1
11049	IGF1R
10310	CD79B
1309	ADAR
8626	ADAR
18978	ADAR
10310	IGLL1
10452	IL7R
1082	MNX1
2102	MSX1
14371	MSX1
17077	MSX1
18394	MSX1
18395	MSX1
2668	HOXA13
10938	HOXA1
10939	HOXA1
19175	HBD
21962	HBD
125	HBB
3653	HBB
3654	HBB
10601	HBB
11936	HBB
19171	HBB
19172	HBB
19173	HBB
19175	HBB
19176	HBB
19177	HBB
19634	HBB
19635	HBB
19636	HBB
19637	HBB
19638	HBB
21962	HBB
21963	HBB
12449	HBA2
13808	HBA2
17507	HBA2
21963	HBA2
1842	GNAT2
10639	GNAT2
279	GNAS
10777	GNAS
11469	GNAS
11470	GNAS
11471	GNAS
12558	GNAS
18374	GNAS
7024	GH1
16702	RASA1
14643	GRN
20340	GRN
21505	GRN
126	GP1BB
796	GP1BB
8692	GP1BB
17007	GP1BB
3271	GYS2
16694	GYS1
2862	GLRA1
3513	SLC2A2
891	SLC2A1
10724	SLC2A1
10832	SLC2A1
10999	SLC2A1
13828	SLC2A1
17776	SLC2A1
8028	GCK
14458	GCK
19812	MPV17
13974	TACSTD2
12112	GGCX
13451	GGCX
23338	GGCX
3321	GABRG2
10307	GABRG2
10424	GABRG2
10832	GABRG2
23427	GABRG2
3376	FH
8649	FH
8775	FH
10706	FSHB
18851	FOLR1
2026	FGFR1
2225	FGFR1
2420	FGFR1
2825	FGFR1
2983	FGFR1
3249	FGFR1
12201	FGFR1
12484	FGFR1
14371	FGFR1
18904	FGFR1
19649	FGFR1
19650	FGFR1
20436	FGFR1
21543	FGFR1
24238	FMO3
13898	FGB
14752	FGB
486	FBN1
1289	FBN1
1998	FBN1
2275	FBN1
2401	FBN1
2570	FBN1
3033	FBN1
12138	FBN1
20630	FBN1
21117	FBN1
703	FAS
3468	FAS
3468	FAS
7028	FAS
3336	F13A1
11075	CFH
12413	CFH
19473	CFH
19474	CFH
21946	CFH
28081	CFH
1649	ERCC5
3253	ERCC5
18903	ERCC5
3253	ERCC3
10319	ERCC3
18903	ERCC3
8671	ESR1
11938	EPOR
2110	GATA3
220	EDNRB
647	EDNRB
959	EDNRB
647	EDN3
959	EDN3
2497	EDN3
236	ENG
20328	ENG
21951	ENG
121	MEN1
3387	MEN1
12875	MEN1
14298	MEN1
14452	MEN1
145	ELN
2859	ELN
12024	ELN
12138	ELN
1649	ERCC1
1649	ERCC2
3253	ERCC2
10319	ERCC2
18903	ERCC2
3391	PCBD1
635	DSG2
635	DSP
7029	DSP
10864	DSP
17237	DSP
20838	DSP
22459	DSP
25086	DSP
124	DNASE1
21114	DNASE1
14362	DSPP
14364	DSPP
17624	DSPP
17625	DSPP
28482	CD55
913	CYP11B2
28123	CYP11B2
19277	IL10RB
18792	PPIB
18793	PPIB
18794	PPIB
659	CNGA1
1584	CRYGD
1584	CRYBB2
635	CRYAB
20472	CRYAB
22745	CRYAB
1584	CRYAA
18381	SERPINA6
511	GJA1
1323	GJA1
1689	GJA1
2471	GJA1
7023	GJA1
12047	GJA1
12326	GJA1
520	GJB2
2085	GJB2
2190	GJB2
2460	GJB2
12046	GJB2
12047	GJB2
17629	GJB2
19473	CD46
28081	CD46
20430	C3
28081	C3
21114	C1QA
543	MLH1
3245	MLH1
22539	MMP2
1633	COL11A2
1953	COL11A2
12046	COL11A2
12047	COL11A2
367	COL6A3
11094	COL6A3
24025	COL6A3
367	COL6A2
11094	COL6A2
20719	COL6A2
367	COL6A1
11094	COL6A1
612	COL5A1
19597	COL9A1
4044	COL1A2
18791	COL1A2
18792	COL1A2
18793	COL1A2
18794	COL1A2
19144	COL1A2
19145	COL1A2
21471	COL1A2
431	COL1A1
612	COL1A1
4044	COL1A1
9285	COL1A1
18791	COL1A1
18792	COL1A1
18793	COL1A1
18794	COL1A1
19145	COL1A1
21471	COL1A1
841	COL2A1
2198	COL2A1
2852	COL2A1
11633	COL2A1
11656	COL2A1
11740	COL2A1
12220	COL2A1
12233	COL2A1
12234	COL2A1
12252	COL2A1
12253	COL2A1
12280	COL2A1
12548	COL2A1
16705	COL2A1
17598	COL2A1
18662	COL2A1
23769	COL2A1
11434	COL7A1
11435	COL7A1
11436	COL7A1
11437	COL7A1
11907	COL7A1
11908	COL7A1
17233	COL7A1
17234	COL7A1
19201	COL7A1
1624	COL10A1
3551	COL4A3
75	CLCN1
10633	CP
14981	CEBPA
11459	TYRP1
870	CAPN3
11428	COL17A1
11432	COL17A1
19640	COL17A1
20856	COL17A1
634	BRCA1
903	BRCA1
3384	BRCA1
3708	BRCA1
17798	BRCA1
1288	NPR2
21905	NPR2
323	ATP2A2
11177	ATP2A2
10719	ATP2A1
3264	APOE
17180	APOE
21939	APOE
22639	APOB
2927	APOA1
703	IFNGR1
14471	IFNGR1
21675	IFNGR1
21677	IFNGR1
880	ALDH7A1
11305	NAGA
11306	NAGA
11307	NAGA
17784	AFP
17785	AFP
10318	AK2
11737	AK1
458	AMPD1
775	APRT
10820	FLNC
11069	FLNC
2692	CHRNG
10308	CHRNG
10308	CHRND
28333	SOBP
21803	SRD5A3
776	SUCLG1
10694	FOXP1
22612	FOXP1
809	PRNP
810	PRNP
20467	PRNP
20556	PRNP
22686	PRNP
23660	PRNP
29226	PRNP
22134	PC
22135	PC
22136	PC
459	ASL
18	PYGL
12024	FBLN5
12025	FBLN5
20480	FBLN5
5536	SBDS
8751	SBDS
10897	OPA3
10907	OPA3
990	KCNQ2
3651	KCNQ2
17000	KCNQ2
20841	KCNQ2
23381	KCNQ2
19196	HPS5
968	B3GLCT
3650	COL4A5
11849	COL4A5
11267	BTD
11265	GALT
20373	BLVRA
12163	BMP4
16904	BMP4
18395	BMP4
540	COL11A1
1953	COL11A1
19597	COL11A1
23401	COL11A1
820	GJA5
21128	CYP24A1
20749	NT5E
106	FUS
11147	FUS
14540	FUS
20341	FUS
21137	FUS
2883	GATA2
19131	GATA2
3321	GRIN2A
8736	GRIN2A
13835	GRIN2A
20705	GRIN2A
22137	GFPT1
2079	KRT10
20530	KRT10
20532	KRT10
2336	KIF11
659	MAK
8775	MAX
2842	ACP5
21819	PSMB8
634	RAD51
3384	RAD51
19298	RAD51
889	SCN2A
894	SCN2A
3651	SCN2A
10307	SCN2A
10424	SCN2A
17000	SCN2A
20841	SCN2A
20068	CSTA
20746	CSTA
1269	PRKAR1A
2389	PRKAR1A
8559	PRKAR1A
8593	PRKAR1A
18376	PRKAR1A
20490	PRKAR1A
10799	TGFBR1
10877	TGFBR1
12138	TGFBR1
3256	DLG3
12045	SMPX
17561	ARHGEF9
394	FGD1
21585	MAGT1
120	FMR1
12199	FMR1
19880	FMR1
23616	FMR1
1276	NOTCH2
634	XRCC2
20879	MASP1
2113	MYLK
12138	MYLK
20578	IL11RA
3551	MYO1E
659	TULP1
3243	TULP1
144	WIPF1
903	RAD51D
3384	RAD51D
321	ARID1A
1030	BAP1
1030	BAP1
3560	BAP1
10453	BAP1
10453	BAP1
10645	BAP1
20737	BAP1
12138	SMAD3
20631	SMAD3
3243	KCNJ13
12155	KCNJ13
20491	FZD6
12484	SIX3
12485	SIX3
12486	SIX3
18904	SIX3
20435	SIX3
20436	SIX3
635	BAG3
18405	BAG3
11150	EFTUD2
19198	BLOC1S6
22709	MAN1B1
20488	LAMC3
106	NEK1
2507	NEK1
12212	NEK1
882	SLCO1B1
3599	SH2B3
22611	SH2B3
595	RBM8A
11939	ABCB6
13955	ABCB6
432	IL17RA
2357	CDT1
1478	RIPK4
1607	RIPK4
21125	KLHL3
2739	KAT6B
11659	KAT6B
11353	ALG1
3498	PIGL
19518	PIGL
10630	SHANK3
20498	AP4S1
19196	HPS6
1247	TWIST2
1476	TWIST2
1855	TWIST2
1351	CEP57
283	WDR19
1682	WDR19
2824	WDR19
22298	CHSY1
1388	SMOC1
10893	BMPER
12047	GIPC3
11340	L2HGDH
12047	ILDR1
293	POLR1C
11816	POLR1C
433	AGK
1022	CEP41
18916	CEP41
1294	ARHGAP31
1339	FAM20A
405	KIF7
2075	KIF7
2510	KIF7
17601	KIF7
1966	SRCAP
27491	SRCAP
3715	HEPACAM
18693	HEPACAM
283	TTC21B
12426	TTC21B
12028	ZNF469
20495	CHKB
27322	CHKB
5015	TMEM70
23380	MEGF10
12888	ASXL1
13840	ASXL1
13866	ASXL1
13867	ASXL1
477	CTC1
21456	CTC1
1682	WDR35
12214	WDR35
25928	WDR35
293	POLR1D
12047	MSRB3
665	CCDC40
20478	BPNT2
1018	ZBTB24
12028	PRDM5
8697	NBEAL2
20731	ACSF3
3037	POLR3A
11107	POLR3A
11816	POLR3A
16698	POLR3A
23550	POLR3A
23551	POLR3A
823	BICC1
11647	POLR3B
11816	POLR3B
1031	PRRT2
3651	PRRT2
9793	PRRT2
13826	PRRT2
13827	PRRT2
13828	PRRT2
280	TMEM237
519	TMEM237
1022	TMEM237
18917	TMEM237
659	CFAP418
1843	CFAP418
3244	CFAP418
923	GPR179
321	ARID1B
19611	ARID1B
1022	CPLANE1
2510	CPLANE1
10874	CPLANE1
1198	ROGDI
665	DNAAF3
477	TINF2
2771	TINF2
2949	TINF2
634	RAD51C
3384	RAD51C
8725	CRPPA
22066	CRPPA
18016	UVSSA
3045	DCAF17
17778	H6PD
12482	COQ6
20470	COQ6
805	ABCC2
472	NSUN2
22350	KANSL1
22351	KANSL1
14727	CAV3
18531	CAV3
25414	CAV3
635	MYPN
11069	MYPN
17909	MYPN
17949	MYPN
18793	SERPINF1
18794	SERPINF1
11639	COG4
20064	COG4
124	CR2
3469	CR2
23515	LRBA
732	CEP63
22056	SERAC1
8028	ABCC8
11160	ABCC8
14458	ABCC8
14459	ABCC8
20384	ABCC8
20387	ABCC8
635	ABCC9
1284	ABCC9
1285	ABCC9
1684	ABCC9
8022	ABCC9
2279	NFIX
23101	NFIX
23558	NFIX
659	PRCD
634	FANCB
3007	FANCB
280	TCTN3
2509	TCTN3
2510	TCTN3
21480	POC1A
13848	KMT2A
21621	KMT2A
12138	TGFB2
3245	FAN1
22865	FAN1
2542	SLCO2A1
24225	SLCO2A1
678	SGCA
8725	POMGNT2
10639	PDE6H
3275	TICAM1
2824	CEP164
21778	HINT1
21515	STK4
21405	SLC30A10
3557	PCCB
19793	TK2
932	LRRK2
23022	LRRK2
10464	CYP4V2
923	LRIT3
773	SARDH
553	INPPL1
2813	INPPL1
10987	HADH
3709	MEOX1
265	TGM1
11420	TGM1
14687	TGM1
20528	TGM1
20529	TGM1
265	ALOX12B
11420	ALOX12B
20528	ALOX12B
11420	PNPLA1
11180	DHTKD1
21919	DHTKD1
21946	DGKE
22195	DGKE
19803	MTRFR
21716	MTRFR
7036	CTNNB1
8665	CTNNB1
10320	CTNNB1
10756	CTNNB1
12144	CTNNB1
18690	CTNNB1
22927	CTNNB1
28626	CTNNB1
894	GRIN2B
29435	GRIN2B
22339	GATAD2B
14719	DDHD1
21717	DDHD2
665	HYDIN
299	HDAC8
3041	HDAC8
225	PEX11B
410	PEX11B
5016	PEX11B
11527	AAGAB
21310	BCKDK
421	MYBPC1
16716	MYBPC1
25934	MYBPC1
21686	PGM1
12047	OTOGL
10918	HOXC13
665	DNAAF11
12047	OTOG
21667	MTFMT
25311	MFF
369	NDUFB3
21786	CHMP1A
10879	MEGF8
21913	IGSF1
20253	CCDC88C
23151	CCDC88C
21934	GNAL
29447	PHIP
1665	EPG5
2177	KDM6A
19519	IL36RN
22937	IL36RN
22063	MGME1
2465	LRIG2
3245	EPCAM
12162	EPCAM
206	CBL
11747	CBL
13867	CBL
549	HRAS
574	HRAS
905	HRAS
2605	HRAS
19269	CD27
3525	CASQ2
659	OFD1
665	OFD1
2506	OFD1
2510	OFD1
21719	GBA2
22089	GBA2
243	SDHC
8775	SDHC
10584	SDHC
12880	SDHC
659	SAG
923	SAG
11079	SAG
894	WDR45
21922	WDR45
22113	LRMDA
8725	B3GALNT2
8726	B3GALNT2
477	RTEL1
2949	RTEL1
7029	RTEL1
430	BLM
65	RYR1
649	RYR1
10308	RYR1
14314	RYR1
17833	RYR1
17834	RYR1
21788	RYR1
23197	RYR1
24151	RYR1
543	MSH6
3245	MSH6
485	MYH7
635	MYH7
10782	MYH7
23352	MYH7
635	TPM1
558	SLC26A4
12047	SLC26A4
12668	SLC26A4
12675	SLC26A4
635	TNNT2
11069	TNNT2
635	ACTN2
19649	EGFR
19650	EGFR
20902	EGFR
635	VCL
635	ANKRD1
23393	PRKAG2
2829	PIK3R1
10310	PIK3R1
22685	PIK3R1
21111	CARD11
22219	CARD11
24020	CARD11
20252	MPDZ
11651	WNT1
18793	WNT1
18794	WNT1
635	LAMA4
21106	STEAP3
516	CLMP
23309	CIDEC
8725	RXYLT1
20901	STAMBP
13801	DEPDC5
14757	DEPDC5
1985	ANTXR1
1437	RNF216
369	NDUFS1
22923	NGLY1
321	SMARCE1
1030	SMARCE1
20073	SMARCE1
665	DRC1
10368	TCF12
18668	TCF12
244	ERF
521	ERF
5	AGA
20766	GLDC
20767	GLDC
20768	GLDC
10402	CUBN
280	TMEM216
519	TMEM216
2510	TMEM216
2523	TYROBP
21372	SLC17A5
21374	SLC17A5
2376	TRIM37
280	MKS1
1022	MKS1
3244	MKS1
18916	MKS1
10402	AMN
11171	POFUT1
11526	TBC1D24
12046	TBC1D24
12047	TBC1D24
17533	TBC1D24
20841	TBC1D24
22082	TBC1D24
22083	TBC1D24
22084	TBC1D24
17906	KLHL40
14717	B4GALNT1
13950	COQ2
19053	COQ2
8726	GMPPB
22137	GMPPB
22329	GMPPB
22481	SLC24A5
11087	ALAS2
23451	ALAS2
12163	DSTYK
14714	DSTYK
885	CHD2
891	CHD2
17830	PTPRC
635	PRDM16
1738	PRDM16
1843	RAB28
13783	SPTBN2
22058	SPTBN2
27969	ITK
13693	ACO2
21458	ACO2
12580	UROD
3469	NFKB2
20898	NFKB2
407	SF3B4
1789	SF3B4
12426	NEK8
421	NALCN
422	NALCN
494	NALCN
22538	NALCN
28331	NALCN
20168	BCKDHB
20169	BCKDHB
20170	BCKDHB
20171	BCKDHB
605	CYP27A1
12046	KCNQ4
3525	TRDN
14727	TRDN
665	ZMYND10
903	ELAC2
22447	ELAC2
22455	ADAMTS18
665	ODAD2
20247	NID1
1584	CRYGC
3249	TACR3
22445	FBXL4
2169	KRT6A
2169	KRT16
23565	KRT16
665	RSPH1
665	RSPH9
23427	SZT2
155	RS1
22450	BCAP31
22451	BCAP31
22081	ASXL3
299	SMC3
647	ERBB2
20073	MN1
10373	SI
1030	PDGFB
1923	PDGFB
9285	PDGFB
20073	PDGFB
17521	CNTNAP2
10586	KIF21A
2530	TNFSF11
23556	MYO18B
283	DYNC2I1
12214	DYNC2I1
22459	DSG1
22460	DSG1
22461	DSG1
665	SPAG1
665	CFAP298
1253	GMPPA
22606	PLS3
1600	TMCO1
2283	RARB
18010	ADAM10
11575	HOXA2
17010	HOXA2
932	DNAJC6
22620	DNAJC6
12047	SLITRK6
22292	SLITRK6
19899	KMT2C
49	HFE
24056	HFE
21513	DCHS1
22720	MAGEL2
2036	FAT4
21513	FAT4
22507	SLC35A3
3551	COQ8B
23235	STAT2
732	CENPJ
954	CENPJ
28081	CFB
225	PEX1
410	PEX1
2877	PEX1
5016	PEX1
20168	BCKDHA
20169	BCKDHA
20170	BCKDHA
20171	BCKDHA
659	CNGB1
8725	LARGE1
8726	LARGE1
659	PRPF31
14416	SLC35C1
493	SELENON
11618	SELENON
3297	MCCC2
11351	ALG8
1843	RAX2
1580	FTL
17155	FTL
19766	FTL
23415	FTL
23415	FTL
12047	SLC26A5
283	IFT172
659	IFT172
3244	IFT172
17012	IFT172
283	DYNC2I2
12214	DYNC2I2
9801	EIF2AK4
18379	EIF2AK4
20328	EIF2AK4
703	MEFV
920	MEFV
3057	MEFV
21950	MEFV
403	MVK
3276	MVK
8653	MVK
11178	MVK
10303	TNFRSF1A
21950	TNFRSF1A
12018	NOD2
1843	GUCY2D
3243	GUCY2D
11076	GUCY2D
629	GPR143
774	DPYD
20893	DPYD
429	RPS17
102	CLCN2
8738	CLCN2
22320	CLCN2
3353	AASS
3354	AASS
21933	ECEL1
22696	COASY
280	CSPP1
1022	CSPP1
22695	CSPP1
22687	KPTN
14415	ITGB2
2322	TBC1D20
1593	RAB3GAP2
2322	RAB3GAP2
22837	RAB3GAP2
21720	NT5C2
3243	PCYT1A
11634	PCYT1A
22710	KIF1C
22833	ENTPD1
4042	COL3A1
17007	GFI1B
1213	YARS2
17011	SERPINB7
23330	NLRC4
3244	CEP19
22688	CEP19
16737	EDN1
14550	WWOX
19642	WWOX
20592	WWOX
23427	WWOX
988	YAP1
17144	YAP1
22689	SLC38A8
22824	ERCC6L2
3244	BBIP1
3244	LZTFL1
387	IQSEC2
3256	IQSEC2
18850	IQSEC2
22707	IQSEC2
546	TRPV4
2421	TRPV4
11636	TRPV4
11740	TRPV4
12251	TRPV4
20061	TRPV4
23238	TRPV4
22690	GSC
11171	POGLUT1
25220	POGLUT1
22856	GUCY1A1
11356	MOGS
22919	SETD5
1631	XYLT1
22503	XYLT1
3384	BARD1
659	KIZ
2990	MYH8
21650	MYH8
11909	RELN
14757	RELN
22448	AMPD2
22832	AMPD2
18802	NPC1
18803	NPC1
18804	NPC1
905	BRAF
1032	BRAF
1559	BRAF
3768	BRAF
8582	BRAF
10756	BRAF
10778	BRAF
243	PIK3CA
1030	PIK3CA
3245	PIK3CA
10805	PIK3CA
14375	PIK3CA
17004	PIK3CA
18690	PIK3CA
20370	PIK3CA
21511	PIK3CA
23427	NECAP1
8725	POMK
23519	POMK
3245	PMS1
106	HNRNPA1
10698	HNRNPA1
1843	TTLL5
3551	EMP2
23037	DOCK7
12426	CEP83
2530	SNX10
12047	ADCY1
665	CCNO
22921	ADNP
421	TPM2
422	TPM2
493	TPM2
17908	TPM2
17909	TPM2
17949	TPM2
3551	ARHGDIA
12254	GPX4
21903	RBCK1
22708	RBCK1
28655	VEGFC
20730	PXDN
23123	RNF168
635	SDHA
3377	SDHA
8775	SDHA
10584	SDHA
14426	AARS2
21453	AARS2
21663	AARS2
659	RP1L1
19554	RP1L1
387	RAI1
25160	RAI1
11582	CCND2
23271	C2CD3
18374	ARMC5
17833	SPEG
22466	LAMA1
17773	TSFM
12047	EPS8
635	TXNRD2
3506	TXNRD2
506	GATA6
820	GATA6
2123	GATA6
22619	TRMT10A
23249	NADK2
11736	ALB
12046	PTPRQ
12047	PTPRQ
477	USB1
18933	USB1
665	ODAD3
2113	MYH11
12138	MYH11
13846	MYH11
21510	PURA
23370	PURA
2261	DLX5
10993	DLX5
954	ATRIP
23332	IARS2
23475	MCM9
493	HACD1
2807	SETBP1
23328	SETBP1
22702	IKBKB
23361	SLC16A1
837	NDE1
11909	NDE1
23446	NDE1
2047	DCX
299	SMC1A
18904	SMC1A
12047	CLIC5
124	CTLA4
759	CTLA4
3400	CTLA4
3401	CTLA4
22629	CTLA4
23329	CTLA4
23335	RDH11
13790	TMEM240
21674	ISG15
795	TF
2036	ADAMTS3
889	SLC25A22
890	SLC25A22
20841	SLC25A22
22095	NLRP1
20065	COG1
20593	ANO10
21453	CSF1R
28139	CSF1R
659	IMPG1
14017	IMPG1
19621	IMPG1
18407	SLC19A3
20049	SLC19A3
20173	DYRK1A
24016	DYRK1A
22467	KAT6A
23705	KAT6A
12138	MFAP5
1451	TXNL4A
23367	FAR1
23536	FAR1
17906	LMOD3
17908	LMOD3
20449	AIMP1
10424	STX1B
1984	WDR73
11581	WDR73
23517	DNAJC3
20039	GYG1
23680	GYG1
635	FHL2
635	DES
11628	DES
13926	DES
635	LDB3
13929	LDB3
493	MYL2
12047	STRC
12545	STRC
12047	ESRRB
12047	TMPRSS3
8768	ACADVL
3249	IL17RD
8022	AKAP9
14727	AKAP9
12	ASAH1
2387	ASAH1
2334	TSEN2
2584	ITGB6
11612	DCDC2
12047	DCDC2
25219	DCDC2
12141	COL25A1
3551	CRB2
23471	CRB2
206	RAF1
635	RAF1
1032	RAF1
11720	TTR
11723	TTR
635	TNNI3
11069	TNNI3
22137	ALG14
25159	DIAPH1
25676	DIAPH1
20498	AP4M1
889	PIGQ
732	KIF14
23395	KIF14
11134	MYH2
22337	MYH2
1346	MMP13
1346	MMP13
2313	MMP13
12287	MMP13
23516	CLPB
552	DCC
3249	DCC
19298	DCC
429	RPS26
23722	HERC1
28754	SLC52A2
2841	TBX6
14696	SPAST
10320	MET
12047	MET
21641	MET
19531	ALPL
19532	ALPL
19533	ALPL
19534	ALPL
19535	ALPL
19536	ALPL
3570	ACADM
411	HGD
14826	TH
49	SERPINA1
194	SERPINA1
18024	SERPINA1
586	ALDH3A2
3564	GCDH
8767	ACADS
23703	COQ4
11152	SP110
280	TCTN2
1022	TCTN2
12047	CLDN14
23486	CAST
1971	SEC24D
18791	SEC24D
25995	FIBP
3243	RD3
889	SIK1
890	SIK1
894	SIK1
891	NEXMIF
11667	NEXMIF
17146	RNF43
28823	IRF7
369	NDUFB11
2359	NDUFB11
24234	POGZ
22694	SNX14
22344	GFAP
22345	GFAP
23477	CENPF
26448	CENPF
22358	THSD1
477	PARN
2949	PARN
7029	PARN
23154	JAGN1
10442	KCNJ2
10670	KCNJ2
8022	RANGRF
14727	SNTA1
923	CABP4
13801	CABP4
659	CDHR1
1843	CDHR1
1309	RNASEH2C
635	MYH6
17628	MYH6
10423	ATL1
14695	ATL1
659	NR2E3
10723	NR2E3
10945	LRPPRC
11734	ADRA2B
1722	COL18A1
225	PEX6
410	PEX6
2877	PEX6
5016	PEX6
12592	PEX6
17579	CPA6
1777	WDR81
1843	DRAM2
28493	THRA
10319	RNF113A
12868	PCLO
21501	MARS2
23553	MARS2
22317	COG6
24026	COG6
820	JAG1
19894	JAG1
3297	MCCC1
10673	FTCD
10739	ANO5
18520	ANO5
22748	ANO5
3296	HMGCL
283	IFT140
659	IFT140
3243	IFT140
17012	IFT140
11461	SLC45A2
22360	GRIA3
11268	HLCS
23534	DOCK2
3525	RYR2
2373	ACTA2
12138	ACTA2
22924	ACTA2
635	NEXN
635	RBM20
23318	BRAT1
106	SQSTM1
8727	SQSTM1
20340	SQSTM1
20341	SQSTM1
3052	ATP6V1B2
11525	ATP6V1B2
11526	ATP6V1B2
11709	IL2RA
11710	IL2RA
17820	IL2RA
2357	GMNN
12433	HOGA1
1294	DLL4
3198	DLL4
22683	IGF2
665	RSPH3
1022	KIAA0586
22695	KIAA0586
102	KCNQ3
990	KCNQ3
3651	KCNQ3
353	CLN8
1726	GAMT
889	PNKP
14812	PNKP
23767	PNKP
763	ADSL
321	ARID2
1001	NOTCH3
2537	NOTCH3
3545	NOTCH3
8028	APPL1
3359	CBLIF
1729	TCN2
20390	DNMT3A
22920	DNMT3A
27491	MYT1L
27491	MYT1L
14757	LGI1
822	ELANE
5534	ELANE
14385	XRCC4
23333	XRCC4
302	NOS1
2961	DDX3X
23717	DDX3X
19142	TNXB
20715	TNXB
19763	KHDC3L
19764	KHDC3L
10695	RDH5
19056	RDH5
25168	MIPEP
23427	SCN3A
17916	FA2H
21924	FA2H
2184	ANKRD11
19864	ANKRD11
3036	ZC4H2
665	MCIDAS
3560	POT1
10899	POT1
19663	POT1
19664	POT1
21492	DNAJB2
23470	DNAJB2
22859	KPNA7
17925	TUBA1A
24201	TUBA1A
2334	SEPSECS
19511	SEPSECS
885	MAPK10
17237	JUP
283	DYNC2LI1
287	DYNC2LI1
1481	FBN2
236	ACVRL1
20328	ACVRL1
173	CBS
12047	PNPT1
21665	PNPT1
22479	LARS1
17610	RARS2
21965	GFER
22340	SARS2
369	NDUFAF5
12050	TRMU
18849	TRMU
11269	PDHA1
635	CSRP3
3244	BBS10
22843	LIPT1
878	MFN2
14520	MFN2
14513	HSPB1
16915	HSPB1
192	PMP22
192	PMP22
10852	PMP22
12066	PMP22
13933	PMP22
14792	PMP22
2010	BMPR1B
12308	BMPR1B
12311	BMPR1B
12318	BMPR1B
206	A2ML1
18395	ARHGAP29
25162	RORC
16908	COQ8A
23724	ITPA
8736	FRRS1L
880	SLC13A5
1198	SLC13A5
23427	SLC13A5
732	ANKLE2
12047	OTOA
24170	SCYL1
659	CRX
1843	CRX
3243	CRX
13693	RTN4IP1
1022	KATNIP
124	TNFAIP3
25087	TNFAIP3
665	GAS8
20582	WAC
24183	WAC
10933	NR1H4
25205	NR1H4
22538	UNC80
954	TRAIP
1042	RIPPLY2
1022	CEP104
548	HACE1
24010	HACE1
280	TCTN1
1022	TCTN1
21460	SOX5
21461	SOX5
25166	TXN2
5536	DNAJC21
932	VPS13C
24169	NONO
588	SETD2
22835	PGAP1
8030	TYMP
25408	TKT
3256	USP9X
25228	USP9X
3657	PIEZO1
20883	RFX6
19305	HNRNPU
102	GABRA1
10307	GABRA1
10832	GABRA1
28767	WARS2
22846	BOLA3
954	ATR
21457	ATR
11640	POLE
22105	POLE
25329	TRIP4
25330	TRIP4
27491	SETD1A
25993	USP7
659	TOPORS
2510	TOPORS
25224	TANGO2
1632	LBR
8608	LBR
23566	LBR
13859	TYK2
21147	TYK2
22001	TYK2
225	PEX19
410	PEX19
5016	PEX19
2468	UBE3B
12047	KARS1
19736	KARS1
25410	TBCK
21783	RMND1
3365	CTH
8022	SCN10A
10594	SCN10A
11818	SCN10A
11928	SCN10A
14727	SCN10A
21236	SCN10A
19468	DMGDH
21104	PLOD3
25674	SAMD9
905	PCM1
11344	PMM2
8652	TRPV3
23565	TRPV3
27491	HUWE1
1018	HELLS
631	ABCA7
22433	PIGT
147	PIGG
25411	PIGG
603	HOXD13
12310	HOXD13
12328	HOXD13
12331	HOXD13
21521	SMOC2
25404	CAPN1
3355	HAL
12437	MAGED2
22829	ERLIN1
12046	GSDME
635	DOLK
12108	DOLK
12046	TECTA
12047	TECTA
12046	COCH
635	ACTC1
12047	SYNE4
21110	LRSAM1
11109	LPIN2
8775	SDHAF2
12484	DISP1
12485	DISP1
12486	DISP1
18904	DISP1
20435	DISP1
20436	DISP1
3249	FGF8
12484	FGF8
12485	FGF8
12486	FGF8
18904	FGF8
20435	FGF8
20436	FGF8
219	PAX3
221	PAX3
1695	PAX3
14329	PAX3
12046	CD164
12047	CDC14A
889	DMXL2
12046	DMXL2
23649	DMXL2
3243	GDF6
3709	GDF6
13955	GDF6
18376	PDE8B
19076	PDE8B
27491	MED13
416	ITPR1
13786	ITPR1
18608	ITPR1
3207	CNTNAP1
25412	TELO2
1843	CNGA3
10639	CNGA3
659	LRAT
3243	LRAT
22365	LRAT
477	TERT
905	TERT
1030	TERT
2949	TERT
3560	TERT
7029	TERT
8751	TERT
665	DNAI1
370	MC1R
3560	MC1R
11458	MC1R
965	TRPM4
8022	TRPM4
8631	TRPM4
22331	POLD1
10911	MME
25773	MME
25866	MME
25867	MME
27326	SLC39A14
10858	NEK9
24023	NEK9
923	GNB3
1290	KIF1A
2573	KIF1A
14721	KIF1A
2589	LARS2
27492	LARS2
26000	SON
732	CIT
12544	HMGA2
14543	HMGA2
14544	HMGA2
22683	HMGA2
23663	HMGA2
8653	PMVK
2261	WNT10B
14371	WNT10B
12546	SIN3A
25093	TRIO
369	TMEM126B
25409	PUS3
23648	CWF19L1
19638	BCL11A
1682	IFT52
28017	IARS1
2824	TRAF3IP1
12212	TRAF3IP1
25841	KY
25842	KY
20746	SERPINB8
732	PYCR2
25232	PYCR2
25138	GPT2
2510	KIAA0753
19597	COL9A2
1979	PIGN
20486	PIGN
2113	LMOD1
748	ATP1A2
1031	ATP1A2
23427	ATP1A2
493	ACTA1
12863	ACTA1
17906	ACTA1
17907	ACTA1
17908	ACTA1
17909	ACTA1
23557	ACTA1
1843	NMNAT1
3243	NMNAT1
2063	MTRR
22825	MICU1
20766	GCSH
20767	GCSH
20768	GCSH
12056	KCNE1
14727	KCNE1
23427	UBA5
1045	SLC12A3
3506	NNT
424	PIEZO2
2007	PIEZO2
2273	PIEZO2
106	TARDBP
20341	TARDBP
106	TBK1
3275	TBK1
20341	TBK1
3244	BBS4
12138	LOX
19125	MBD5
27633	SUN5
28037	GNB5
28104	NAXE
25835	TBCD
3252	SPTA1
3655	SPTA1
7026	EDARADD
7027	EDARADD
14371	EDARADD
23042	AHDC1
17144	CAMTA1
21508	CAMTA1
8571	LIPH
10760	LIPH
201	CTNND2
11734	CTNND2
22069	AUTS2
659	KLHL7
17149	KLHL7
18853	DOCK8
1923	SLC20A2
299	RAD21
26569	PUF60
26570	PUF60
18789	MED13L
22443	MED13L
14371	LRP6
22096	HNRNPK
23646	HNRNPK
62	SMCHD1
62	SMCHD1
2120	SMCHD1
10889	SNAP29
3256	PTCHD1
11678	SHROOM4
11295	SGSH
3377	SDHAF1
972	MED12
3256	MED12
20867	MED12
11183	ACADSB
11083	B4GALT7
12046	TJP2
19267	TJP2
25206	TJP2
12047	TSPEAR
8775	KIF1B
14519	KIF1B
659	GUCA1B
215	HSPG2
1738	HSPG2
1839	HSPG2
3727	EHHADH
12046	DIAPH3
12281	POP1
3726	AQP2
3132	SLC25A46
823	ALG9
11354	ALG9
659	FSCN2
399	IVD
874	TNPO3
10758	TNPO3
12862	FHL1
13880	FHL1
18026	FHL1
23241	FHL1
206	LZTR1
12482	LZTR1
19649	LZTR1
19650	LZTR1
18795	IFITM5
1731	CDH3
1865	CDH3
1195	TRIM32
3244	TRIM32
11499	PPOX
17524	SLC3A1
17525	SLC3A1
19272	SLC3A1
283	IFT80
12214	IFT80
13977	TGFBI
13978	TGFBI
13979	TGFBI
13980	TGFBI
13981	TGFBI
124	BLK
8028	BLK
10403	GLUD1
19277	IL10RA
8581	KRT83
8631	KRT83
12403	LYZ
20068	TGM5
19802	TUFM
1346	MMP9
10398	SLC5A1
12163	UPK3A
17909	KBTBD13
13986	CHST6
2357	CDC6
954	RBBP8
21451	RBBP8
225	PEX26
410	PEX26
5016	PEX26
265	CYP4F22
498	CTSA
659	NRL
11882	UMOD
3704	BCHE
2589	HSD17B4
5520	DLD
474	ELP1
771	PTS
11345	MPI
3715	MLC1
11807	CNGA2
26294	MSN
10368	ZIC1
10822	ZIC1
20246	ZIC1
20247	ZIC1
21930	RNASEH1
23412	SHPK
106	UNC13A
432	IL17RC
454	ARL6IP6
13909	TMTC3
206	RIT1
11615	FN1
12252	FN1
321	SOX11
17936	SIM1
22440	SIM1
22722	SIM1
1253	TRAPPC11
22434	TRAPPC11
22435	TRAPPC11
19127	TAB2
19127	TAB2
8748	PITX3
8028	HNF1A
21642	HNF1A
21787	HNF1A
14712	SPG21
10440	FOXP3
313	PLOD2
3374	PCK2
21723	CYP2U1
3651	SCN8A
9793	SCN8A
23427	SCN8A
23561	CAD
415	TEK
2266	TEK
13993	TEK
1610	TGM3
23427	AP3B2
880	PLPBP
29438	KMT2B
26544	MECR
21249	ATP13A2
21506	ATP13A2
27024	ATP13A2
20767	SLC6A9
20768	SLC6A9
11738	AMMECR1
11738	AMMECR1
21221	AP5Z1
21911	ZNF335
665	DNAAF6
11136	YY1AP1
26327	OTUD6B
206	NRAS
370	NRAS
549	NRAS
905	NRAS
11747	NRAS
20165	NRAS
10453	SF3B1
11088	SF3B1
1309	IFIH1
11649	IFIH1
13909	ARFGEF2
1297	TP63
1366	TP63
1864	TP63
2261	TP63
10919	TP63
12490	TP63
17077	TP63
18394	TP63
18395	TP63
24236	SLC39A8
12046	EYA4
18879	EYA4
21666	FARS2
24162	FARS2
11527	COL14A1
10451	DPYS
381	PHYH
1268	SLC39A4
12047	NARS2
23489	NARS2
2478	FREM1
2983	FREM1
12163	FREM1
18829	FREM1
10381	ALDH18A1
12024	ALDH18A1
23536	ALDH18A1
23537	ALDH18A1
23538	ALDH18A1
14711	SPART
17771	CYP11A1
20739	CYP11A1
12138	TGFB3
10832	CACNA1H
14984	GUCY2C
21476	GUCY2C
21477	GUCY2C
49	TGFB1
1551	TGFB1
28448	TGFB1
8023	ADA
10452	ADA
10625	CTDP1
12318	BMP2
19870	BMP2
17006	CCNQ
3041	LAS1L
22935	LAS1L
225	PEX3
410	PEX3
5016	PEX3
932	SYNJ1
22620	SYNJ1
23427	SYNJ1
3051	VAC14
25868	VAC14
12484	ZIC2
12485	ZIC2
12486	ZIC2
18904	ZIC2
20435	ZIC2
20436	ZIC2
26077	ZNF462
20498	AP4B1
28080	PRUNE1
21690	LARP7
147	CPLX1
22082	CPLX1
13898	FGA
14752	FGA
211	CACNA1S
649	CACNA1S
11144	CACNA1S
22700	CACNA1S
18929	ANAPC1
18688	KANK1
19511	VPS53
17777	UTP4
11181	KYNU
27331	KYNU
27331	HAAO
207	PTCH2
548	ALK
548	ALK
905	ALK
21151	ALK
2612	KIT
3762	KIT
10584	KIT
10584	KIT
11481	KIT
13846	KIT
13851	KIT
13866	KIT
14981	KIT
17241	KIT
20501	KIT
20502	KIT
207	SUFU
1022	SUFU
1030	SUFU
19682	SUFU
20073	SUFU
20436	SUFU
3560	CDK4
14543	CDK4
14544	CDK4
885	GABRB3
10832	GABRB3
665	DNAL1
665	CCDC103
748	ATP1A3
3409	ATP1A3
11017	ATP1A3
23427	ATP1A3
20879	COLEC10
659	ARHGEF18
25240	USP18
237	SIX1
12046	SIX1
28487	FYB1
11814	CASQ1
1738	SKI
2275	SKI
22863	NFIA
11573	GLMN
12290	EXOC6B
891	SLC6A1
2735	ZBTB20
1682	IFT122
665	CCDC39
732	CEP135
3727	SLC34A1
19477	SLC34A1
21128	SLC34A1
22827	NR2F1
1843	RIMS1
367	COL12A1
11094	COL12A1
27851	COL12A1
3249	SEMA3A
8022	SEMA3A
22613	ASNS
17137	SLC34A3
19518	PIGO
22193	ANK3
27491	MADD
387	DEAF1
24220	DEAF1
11912	FGF23
1777	ATP8A2
12138	SMAD2
23427	KCNB1
13801	CHRNA4
126	TBX1
126	TBX1
343	TBX1
820	TBX1
3256	CNKSR2
23427	CNKSR2
22641	NBAS
24040	NBAS
218	DACT1
20207	DACT1
3207	LGI4
17775	STAC3
905	TFG
11978	TFG
18668	TFG
23243	TFG
23317	TFG
19552	NECTIN4
18019	RAB33B
17604	CWC27
206	SOS1
1955	SOS1
3727	NDUFAF6
894	NTRK2
23427	NTRK2
19856	MEIS2
852	REST
1955	REST
27491	PSMD12
27631	PSMD12
1022	ARMC9
17906	KLHL41
17907	KLHL41
17908	KLHL41
17909	KLHL41
10308	CHRNA1
13823	THAP1
23757	CACNA1G
76	SCN4A
211	SCN4A
212	SCN4A
14307	SCN4A
14308	SCN4A
14309	SCN4A
24223	RTTN
12875	YY1
26451	YY1
27460	NKX6-2
20358	CFAP43
8022	CACNA1C
14727	CACNA1C
852	TRIP13
1351	TRIP13
27491	BPTF
27631	BPTF
19198	BLOC1S3
28765	DONSON
28766	DONSON
97	DZIP1L
11806	RANBP2
20067	RANBP2
3060	ZSWIM6
23122	TARS2
22918	QARS1
23153	QARS1
8725	DAG1
20455	DAG1
22512	DAG1
604	EZH2
11147	CREB3L1
18793	CREB3L1
493	ITGA7
10342	ITGA7
369	NUBPL
17908	CFL2
889	SCN1B
965	SCN1B
8022	SCN1B
10307	SCN1B
10424	SCN1B
27025	WDR26
2112	GCM2
14452	GCM2
23560	SLC1A4
10594	SCN11A
11818	SCN11A
11928	SCN11A
21236	SCN11A
22617	SCN11A
22618	SCN11A
954	CENPE
147	NSD2
1242	WASHC5
14700	WASHC5
11598	NEUROG3
20354	TGM6
12913	PBX1
25997	CEP55
27457	GZF1
28726	MACF1
1934	CTNND1
14702	KIF5A
21793	KIF5A
12223	ACAN
17946	ACAN
19616	ACAN
23314	ACAN
28052	FDXR
28061	FDXR
23427	PPP3CA
28451	PPP3CA
2713	FAM20C
25389	PATL2
14383	COL4A2
25215	MSH3
12046	POU4F3
1294	EOGT
21507	MTO1
11601	PIGW
19518	PIGW
23647	CLTCL1
18793	BMP1
21471	BMP1
16725	SH3PXD2B
283	CEP120
1022	CEP120
18916	CEP120
493	MAP3K20
25392	MAP3K20
26573	TOP3A
20187	MTHFD1
20188	MTHFD1
20189	MTHFD1
20190	MTHFD1
20191	MTHFD1
20192	MTHFD1
20194	MTHFD1
20195	MTHFD1
20196	MTHFD1
20197	MTHFD1
20198	MTHFD1
20199	MTHFD1
11171	PSENEN
2656	GREB1L
12163	GREB1L
894	SPTAN1
2486	B3GALT6
12290	B3GALT6
27849	B3GALT6
25849	ATAD3A
11716	LHX4
12618	LHX4
12620	LHX4
19033	LHX4
14618	YARS1
12047	ESPN
19167	ESPN
14474	ACAD9
3469	NFKB1
14727	ANK2
1474	OCLN
13772	ATXN1
21478	DST
23043	DST
8743	DBH
1310	SLC18A3
7036	FZD4
11941	FZD4
12154	FZD4
635	TMPO
10423	SPTLC2
23676	PTRH2
42	STS
20525	STS
16976	ARHGEF10
23427	KCNA2
23427	KCNA2
967	GRHL3
14344	GRHL3
14345	GRHL3
17524	PREPL
17525	PREPL
19272	PREPL
22441	PREPL
665	DNAH1
20358	DNAH1
665	DNAAF5
885	DNM1
23427	DNM1
13801	KCNT1
20841	KCNT1
126	JMJD1C
10452	RAG2
21997	RAG2
18691	CNTN1
22697	MARS1
22838	MARS1
8022	HCN4
17628	HCN4
21618	CCDC78
11348	DPM1
3729	PRODH
531	PNPLA6
1437	PNPLA6
1438	PNPLA6
2981	PNPLA6
16907	PNPLA6
429	GATA1
10904	GATA1
11303	GATA1
11754	GATA1
19182	GATA1
22346	GATA1
903	HOXB13
369	NDUFA6
2781	FZD2
1674	NXN
659	DHDDS
23427	DHDDS
23427	CLTC
23474	GTPBP3
265	SDR9C7
923	GNAT1
11377	PHGDH
11809	FLVCR1
23427	PARS2
18527	PLEKHG5
22439	PLEKHG5
27491	TRIP12
1313	HDAC4
3280	ZAP70
10788	CLDN1
25413	DDX41
25681	PDE10A
25682	PDE10A
6023	TBXT
20187	TBXT
20188	TBXT
20189	TBXT
20190	TBXT
20191	TBXT
20192	TBXT
20194	TBXT
20195	TBXT
20196	TBXT
20197	TBXT
20198	TBXT
20199	TBXT
22705	TBXT
14511	GARS1
106	PON3
18794	TMEM38B
590	STIM1
21582	STIM1
20473	DDX11
13690	DNM1L
21964	DNM1L
732	KNL1
11359	COG7
21475	EARS2
14617	DNM2
17834	DNM2
19078	DNM2
22296	DNM2
237	SIX5
13785	KCNC3
13990	VSX1
23427	EEF1A2
23306	KCNJ6
106	CFAP410
1843	CFAP410
27491	BCORL1
12506	PQBP1
12507	PQBP1
923	SLC24A1
13781	FGF14
2825	HESX1
3249	HESX1
12618	HESX1
12620	HESX1
19033	HESX1
22065	DNA2
19620	VAMP1
18311	RAC2
23756	TRPC3
954	PLK4
11011	MECOM
21226	HOXB1
3066	ACTB
10859	ACTB
11149	ACTB
3275	TLR3
10378	ALDH1A3
13955	ALDH1A3
1294	DOCK6
22845	NFU1
102	CILK1
18403	CILK1
19267	BAAT
17834	MTMR14
1007	CAVIN1
18689	FTO
21684	GPNMB
17780	MAT1A
1798	TBXAS1
3643	TOR1A
10437	TOR1A
421	MYH3
422	MYH3
494	MYH3
2692	MYH3
2923	MYH3
10876	MYH3
26004	UBTF
14812	MED25
24042	MED25
21906	HERC2
24166	MORC2
280	TMEM231
519	TMEM231
2508	TMEM231
10672	ETHE1
13898	FGG
14752	FGG
20703	DMP1
12047	HGF
23468	PGM3
7029	SFTPA1
3304	GPI
14727	KCNE2
23121	VARS1
1738	KCNAB2
11817	HIBCH
21126	CUL3
1011	MRPS22
16742	MRPS22
11347	ALG3
27491	DOCK3
1923	PDGFRB
3545	PDGFRB
11745	PDGFRB
13840	PDGFRB
21543	PDGFRB
22334	PDGFRB
25161	PDGFRB
12269	IQCE
23364	COL27A1
230	BDNF
2497	BDNF
10684	PHF21A
25150	CARS2
22305	THOC6
22327	CTCF
19518	PGAP3
19597	COL9A3
27491	TCF20
14684	AFF2
23310	LIPE
1777	CA8
7023	GJB4
12046	MCM2
26042	LRRK1
26076	MSTO1
1533	CDH11
20358	CFAP44
12485	STAG2
18904	STAG2
27320	STAG2
20358	CFAP69
1046	FREM2
12163	FREM2
13966	FREM2
24011	PRMT7
665	DNAH9
1739	TBR1
20488	TBR1
20597	TOE1
19478	RFT1
11081	MCM4
1310	MUSK
2261	BTRC
12545	CATSPER2
8670	CYP19A1
18018	CYP19A1
1647	LONP1
11269	LONP1
22355	SBF1
3290	CYB5A
12099	CYB5A
11734	CNTN2
13827	PNKD
634	FANCL
106	DCTN1
18037	DCTN1
10313	MYD88
18313	MYD88
3244	BBS7
548	PHOX2B
2497	PHOX2B
14376	PHOX2B
22834	ARSI
19169	HARS1
25399	HARS1
10349	TAPBP
10423	SPTLC1
236	GDF2
3551	INF2
12169	INF2
28477	CEBPE
1309	RNASEH2B
634	SLX4
19077	AARS1
23427	AARS1
26040	STRADA
11131	LMNB2
23718	LMNB2
3252	SLC4A1
3657	SLC4A1
12441	SLC4A1
12443	SLC4A1
13885	SLC4A1
22723	SLC4A1
27852	AEBP1
26078	STAG1
1843	PITPNM3
19168	PDZD7
2862	ATAD1
11709	IL2RB
11710	IL2RB
12484	NODAL
12485	NODAL
12486	NODAL
18904	NODAL
20435	NODAL
20436	NODAL
2939	RSPO2
22301	IBA57
24230	IBA57
635	HAND2
23040	STUB1
972	ZDHHC9
912	GPC4
2433	GPC4
369	TIMMDC1
20358	CFAP251
10852	EGR2
26080	ACER3
3132	EXOSC8
13909	MAP1B
2078	CLDN19
3132	EXOSC9
823	DNAJB11
665	CFAP300
28443	GFM2
11346	ALG6
1022	HYLS1
2075	HYLS1
8716	SGCG
1682	IFT43
28677	QRSL1
26324	TIMM50
20070	FLG2
24049	MMP19
25164	KDM1A
1738	SPEN
1738	SPEN
28138	CNOT1
27633	PMFBP1
13955	VSX2
8581	KRT81
1044	DHH
17772	DHH
26578	MYSM1
12593	VPS13D
287	GLI1
12269	GLI1
12270	GLI1
520	GJB6
991	GJB6
12046	GJB6
12047	GJB6
27491	WASF1
235	FGFR2
244	FGFR2
261	FGFR2
1699	FGFR2
1707	FGFR2
2207	FGFR2
12201	FGFR2
12202	FGFR2
12203	FGFR2
17788	FGFR2
21459	FGFR2
28036	CARMIL2
13801	CHRNB2
11744	CSF3R
13841	CSF3R
20420	CSF3R
23120	CSF3R
852	DIS3L2
3474	DIS3L2
18688	GAD1
22714	TRIM2
16915	FBXO38
432	TRAF3IP2
3294	HADHB
10338	DNAJB6
937	PRSS1
21100	FKBP14
12426	ANKS6
10327	OPLAH
806	IL12B
21673	IL12B
20576	B3GAT3
3275	TRAF3
110	SEMA3E
22453	ABCD4
21115	PLCG2
21782	PLCG2
22857	CA5A
2819	LRP4
2913	LRP4
10423	ATL3
8725	B4GAT1
106	CHCHD10
20341	CHCHD10
20381	CHCHD10
23691	CHCHD10
860	CARD14
8022	KCNE5
11738	KCNE5
10310	CD79A
10924	PSTPIP1
19644	PSTPIP1
889	TRIM8
12047	MPZL2
17007	TUBB1
29441	DMPK
18655	DYNC1H1
20585	DYNC1H1
22104	CTSF
3551	NUP160
21914	PLVAP
3551	NUP37
823	GANAB
21306	MOCS1
14426	EIF2B5
10592	SC5D
588	APC2
2656	ITGA8
21219	ITGA3
21935	GLIS2
11429	ITGA6
8725	COL4A1
11037	COL4A1
11071	COL4A1
14383	COL4A1
25143	COL4A1
124	C4A
703	C4A
21114	C4A
1290	WNK1
1011	NUP107
1984	NUP107
3551	NUP107
1557	WDPCP
3244	WDPCP
3356	SLC1A1
12269	CIBAR1
21512	TMEM165
11329	AKR1D1
28931	SIRT6
659	IDH3B
8564	VCAN
18665	CYP7A1
27491	MAPK8IP3
27635	RIPK1
1022	PIBF1
3551	ANLN
665	LRRC56
8531	CIB1
3256	FRMPD4
22691	PRLR
2584	LSS
10760	LSS
27968	CD70
3132	AGTPBP1
12269	KIAA0825
3243	USP45
19666	RELA
25087	RELA
27668	RELA
27491	KMT2E
21761	RHOH
28334	TMEM94
1923	MYORG
1352	EPHB4
16702	EPHB4
28141	GLS
28142	GLS
27491	PUS7
14304	SUOX
732	TRAPPC14
1843	ATF6
10639	ATF6
25229	EMC1
3655	EPB41
21790	ADCY5
404	UMPS
22303	GRID2
1510	PITX1
23363	RARS1
22930	TDP2
17941	AP1S1
12046	GRHL2
13990	GRHL2
23157	GRHL2
1046	GRIP1
659	SCAPER
3244	SCAPER
17003	IGFALS
22828	ARL6IP1
14820	AFG3L2
21449	AFG3L2
11582	PIK3R2
11582	PIK3R2
894	PLCB1
20841	PLCB1
321	SMARCC2
16918	SIGMAR1
21137	SIGMAR1
2715	ELMO2
23038	ASPH
25083	BVES
14704	RTN2
429	ADA2
3327	ADA2
22938	ADA2
1310	NUP88
21758	GRM1
22932	GRM1
1451	POLR1A
19196	HPS3
10405	LMAN1
23331	THBD
28081	THBD
2373	RNF213
14704	UBAP1
20358	TTC21A
19763	MEI1
20358	ARMC2
27491	GRIA4
12564	TDP1
21994	MASP2
12289	DDR2
12248	MATN3
17135	MATN3
18690	CASP8
20315	CASP8
369	NDUFAF3
10345	EGF
18690	EGF
11137	AMACR
10397	DDC
12654	POR
12484	FOXH1
12485	FOXH1
12486	FOXH1
18904	FOXH1
20435	FOXH1
20436	FOXH1
106	GLE1
1660	GLE1
10738	GLE1
106	VCP
10698	VCP
14643	VCP
20340	VCP
20341	VCP
21937	VCP
21938	VCP
23294	VCP
11270	DLAT
11185	ACAD8
20611	LDHB
20702	CYP27B1
8751	IFNG
3652	F10
20709	ALDH6A1
11458	OCA2
13886	CDAN1
1559	MAP2K1
3279	RFXANK
2334	TSEN34
16737	PLCB4
18399	CHRNA7
11420	CERS3
22357	CERS3
20062	COG5
23187	CERS1
1044	MAP3K1
19642	MAP3K1
23427	ACTL6B
27491	ACTL6B
659	AHR
2589	HARS2
23427	CACNA1B
27491	SVBP
923	GRK1
11079	GRK1
11504	MLPH
10694	MALT1
22713	MALT1
12484	CDON
12485	CDON
12486	CDON
12620	CDON
18904	CDON
20435	CDON
20436	CDON
13955	TENM3
12288	TONSL
27491	TNRC6B
22078	MRPL44
18685	UROC1
22609	SFXN4
20237	MTOR
20238	MTOR
23733	MTOR
20063	DPM3
23198	TOR1AIP1
19522	EGLN1
24171	LIMS2
10901	HYAL1
996	SH3BP2
10584	PDGFRA
21543	PDGFRA
8758	CTNNA1
10349	TAP1
24040	RINT1
23333	NSMCE2
13801	CHRNA2
21580	PRKDC
20609	PSAT1
11726	DPAGT1
22137	DPAGT1
22879	MED17
665	CCDC65
2862	GPHN
14794	LITAF
634	ERCC4
3253	ERCC4
18903	ERCC4
27636	NFAT5
3577	ABAT
20482	GOSR2
21232	IER3IP1
820	GDF1
12922	GDF1
18789	GDF1
23770	MAG
206	RRAS
11747	RRAS
20841	SLC12A5
3468	RASGRP1
19596	ATIC
3469	ICOS
280	TXNDC15
11349	MPDU1
2583	PRG4
17945	SLC33A1
21109	SLC33A1
10319	TARS1
9793	PDE2A
14329	PAX7
1553	AMHR2
27491	ANKRD17
11163	KCNMA1
27491	KCNMA1
1686	SPECC1L
17070	SPECC1L
20733	CNOT2
1000	ADGRG2
11075	EFEMP1
10430	IKZF1
21584	IKZF1
18792	MESD
8531	IL7
26574	DNAJC12
20358	CFAP65
11929	GSR
3708	RABL3
27491	CNOT3
22925	ZP1
10899	ARL11
12046	CRYM
25213	PLAT
937	CPA1
12046	P2RX2
24172	SLFN14
3637	P2RY11
3249	CCDC141
3249	CCDC141
1737	MCTP2
10424	HCN1
23427	HCN1
14643	MAPT
19331	MAPT
19332	MAPT
19333	MAPT
19334	MAPT
19335	MAPT
20340	MAPT
2141	KRT2
2169	KRT17
8656	KRT17
665	FOXJ1
12484	DLL1
12485	DLL1
12486	DLL1
18904	DLL1
20435	DLL1
20436	DLL1
25329	ASCC1
8559	TBL1XR1
25371	TBL1XR1
23427	YWHAG
21914	DGAT1
24102	G6PD
21691	NIN
17941	AP1B1
20358	TTC29
25389	TUBB8
665	SPEF2
20358	SPEF2
18947	PIK3CD
22685	PIK3CD
21679	STAT1
22628	STAT1
23119	CXCR2
1294	RBPJ
321	SOX4
659	KIAA1549
20358	DNAH17
14581	CST3
2510	FAM149B1
280	B9D2
659	RBP3
820	FLT4
11478	FLT4
321	SMARCD1
604	SUZ12
659	SEMA4A
1843	SEMA4A
11711	LACC1
665	TTC12
1310	MYOD1
659	ZNF408
7036	ZNF408
12047	CIB2
19167	CIB2
3469	CD19
19518	PGAP2
10370	DHCR24
8028	CEL
126	COMT
1923	JAM2
11048	IGF1
18794	SP7
659	RLBP1
10695	RLBP1
11624	RLBP1
19056	RLBP1
21492	VWA1
3249	NDNF
22437	VPS45
20431	LCK
659	SLC7A14
22097	GNB4
22438	TRNT1
3708	PALLD
16915	HSPB3
1842	GUCA1A
1843	GUCA1A
11076	GUCA1A
11310	LMBRD1
659	IMPDH1
3243	IMPDH1
18672	ERLIN2
19530	ERLIN2
20465	ERLIN2
19169	CEP78
8022	CACNB2
12154	ATOH7
20730	ATOH7
23295	KCNC1
659	ROM1
21908	CAPN5
22220	IL21R
659	DHX38
659	PRPF8
11074	RGS9
19169	ARSG
930	MAP2K2
1559	MAP2K2
3244	IFT27
20108	CSF2RA
27331	NADSYN1
1843	POC1B
894	CNPY3
25846	HSPA9
11341	D2HGDH
1614	ANKH
1689	ANKH
12109	ST14
491	SUCLA2
13784	TTBK2
1993	PYCR1
11625	RNASET2
28673	GALM
932	PARK7
106	PRPH
2676	COMP
12245	COMP
23643	IGSF3
10319	MPLKIP
2157	STX3
3321	SRPX2
12827	USP8
22830	USP8
27491	PTPN23
12047	ATP2B2
23427	DALRD3
13780	PRKCG
27491	TANC2
3249	WDR11
12620	WDR11
19132	ITCH
28085	RNF13
23196	MAB21L2
22099	LAMB1
783	SEMA4D
176	NCF4
176	CYBC1
8559	IRF2BP2
982	NPPA
21760	PRDM8
820	GATA4
19614	GATA4
19642	GATA4
12025	EFEMP2
21520	EFEMP2
839	STAT3
8559	STAT3
11766	STAT3
14458	STAT3
23366	STAT3
22098	PDK3
8727	TIA1
8727	TIA1
10892	DNAJC19
23427	NUS1
11352	ALG2
22137	ALG2
23533	MAP3K14
13909	NEDD4L
1018	CDCA7
659	AGBL5
659	SNRNP200
3468	PRKCD
3469	PRKCD
21114	PRKCD
20894	TPK1
13955	RBP4
22106	RBP4
21718	TECPR2
21482	DNMT1
23677	DNMT1
852	TRIM28
852	TRIM28
1691	HPGD
2542	HPGD
18818	HPGD
14739	TALDO1
647	SMO
1030	SMO
1705	SMO
27792	GPIHBP1
25389	WEE2
1984	NUP133
3551	NUP133
659	IDH3A
19855	TUBG1
11376	PSPH
12620	ROBO1
659	REEP6
27491	HPDL
19649	TACC3
19650	TACC3
3705	ABL1
21112	CD151
19072	DPP6
29431	PLD3
28083	ODC1
22502	SSR4
27491	ZMIZ1
27491	SLC12A2
23719	PPP2R5D
20233	SLC35A2
22189	SLC35A2
25407	GNB1
1738	RERE
25667	RERE
27491	WDFY3
22190	SLC25A1
3599	TET2
8745	TET2
8747	TET2
11088	TET2
11752	TET2
13843	TET2
13866	TET2
13867	TET2
14592	TET2
14593	TET2
1984	OSGEP
27491	BCAS3
894	ST3GAL3
14426	EIF2B1
10345	CNNM2
206	SOS2
23320	COG2
26576	EXTL3
27491	UBR7
27609	GPAA1
5536	EFL1
8652	PERP
659	TTC8
3244	TTC8
27491	TRMT1
11358	B4GALT1
27251	CPAMD8
20355	NOP56
8028	NEUROD1
659	RGR
29430	PUM1
12141	ZFHX4
25100	PMP2
11304	FECH
3551	TBC1D8B
659	NEK2
22878	PRICKLE2
8718	MYOT
20166	MYOT
25675	EXOSC2
20702	CYP2R1
889	GNAO1
29564	GNAO1
26326	GINS1
23490	TPP2
25998	TRAPPC12
2584	AHSG
22840	REEP2
25994	OTULIN
23427	CYFIP2
1530	TFAP2A
11151	GLIS3
23012	CLP1
1011	BNC1
11327	HSD3B7
23726	RSPRY1
2393	CCDC8
17522	SCP2
12047	LHFPL5
8028	PAX4
265	LIPN
2517	FAM111A
519	TMEM138
8571	KRT74
10918	KRT74
12032	KRT74
3249	DUSP6
20498	AP4E1
369	NDUFV2
1309	RNASEH2A
25553	ADGRE2
1584	CRYBA4
3279	RFX5
14705	HSPD1
20448	HSPD1
24161	MAPKAPK3
22120	OSMR
17620	KCNK9
659	ARL3
1022	ARL3
294	PRICKLE1
2949	ACD
3560	ACD
22692	ACD
27491	SATB1
20358	ACTL9
13855	XPO1
10442	KCNJ5
14727	KCNJ5
19618	KCNJ5
23022	VPS35
519	ZNF423
12426	ZNF423
20433	CD320
28591	DAAM2
2862	GLRB
21904	DPM2
26568	HYAL2
12268	TBX15
606	HHAT
2357	ORC1
22842	LIAS
10886	LEP
10310	BLNK
659	TUB
7521	ANO6
21105	GPD1
18846	RIN2
10869	UPB1
3256	CLCN4
25306	CLCN4
3336	F13B
28824	JAK1
28746	OAS1
12413	CFHR1
11721	GSN
27340	SYT1
12046	TRRAP
12593	VPS41
23427	CELF2
17164	SLC39A13
12046	CEACAM16
12047	CEACAM16
12025	LTBP1
3374	PCK1
10953	TP73
27491	SPTBN1
21765	CACNA1D
22449	CACNA1D
11082	C1S
27632	CHD1
23727	ISCA2
23720	PPP2R1A
23725	TAPT1
1011	FSHR
10843	FSHR
19518	PIGV
20597	MINPP1
732	METTL5
12047	EPS8L2
313	FKBP10
1416	FKBP10
18793	FKBP10
18794	FKBP10
3053	THPO
11014	THPO
21926	THPO
22692	THPO
3169	MSX2
10796	MSX2
19622	MSX2
703	TLR4
2357	ORC4
3244	IFT74
12047	ELMOD3
478	DHODH
22616	TRPA1
20223	TBC1D7
3551	ARHGAP24
2548	PDX1
8028	PDX1
14458	PDX1
2781	DVL1
23044	EXPH5
3066	ACTG1
12046	ACTG1
1923	XPR1
10586	TUBB3
21132	TUBB3
24201	TUBB3
612	COL5A2
2462	SHOC2
23427	GABRB2
22297	DARS1
1030	TRAF7
29565	TRAF7
2257	IDH2
11341	IDH2
17509	IDH2
19652	IDH2
19655	IDH2
19663	IDH2
19664	IDH2
22091	SLC18A2
12046	CCDC50
1255	LMBR1
2215	LMBR1
2662	LMBR1
2956	LMBR1
12258	LMBR1
12327	LMBR1
21910	PACS1
2357	CDC45
13779	PPP2R2B
206	MRAS
3256	SYP
24235	CCDC115
27491	JARID2
14823	EEF2
49	HMOX1
28329	HMOX1
27491	EMC10
3256	USP27X
665	ODAD1
3656	RHAG
10997	RHAG
23771	DPH1
3277	F2
21909	F2
8631	LORICRIN
11421	LORICRIN
167	NDUFS2
369	NDUFS2
665	ODAD4
27491	DPYSL5
145	BAZ1B
206	KRAS
549	KRAS
905	KRAS
1559	KRAS
2225	KRAS
2962	KRAS
3245	KRAS
3708	KRAS
11747	KRAS
20165	KRAS
1011	SPIDR
3738	SS18
732	PHC1
11143	ALDH4A1
124	ETS1
2781	DVL3
106	NEFH
3551	GAPVD1
49	CLCA4
20383	UCP2
20458	PLIN1
10428	DNASE1L3
21114	DNASE1L3
8672	NR3C1
22307	BICD2
28631	PMPCB
3256	MID2
25310	EMILIN1
8030	LIG3
10602	TFAP2B
49	SLC9A3
14984	SLC9A3
889	PIGP
23334	TNNI3K
22539	MMP14
14819	PDYN
106	ANXA11
14518	HSPB8
16915	HSPB8
25085	HSPB8
932	HTRA2
26323	HTRA2
3551	APOL1
1062	CD96
3275	UNC93B1
3469	TNFSF12
3469	TNFSF12
14380	CCDC88A
282	STXBP2
10378	PRSS56
21687	DHFR
3480	DSE
124	ITGAM
14426	EIF2B4
11930	HK1
14526	HK1
21481	SRP72
11810	OPN1SW
2637	DDX59
27329	PLAA
21229	JAM3
26571	IFT57
19595	TUBA8
894	GUF1
659	PRPF6
106	ERBB4
3249	PROK2
124	IL10
703	IL10
19277	IL10
118	HTT
19562	HTT
27491	HTT
205	ACVR1
2703	SFRP4
635	PPCS
10825	IHH
12311	IHH
3052	KCNH1
23113	KCNH1
3650	COL4A6
12045	COL4A6
432	IL17F
17163	HMX1
11069	KIF20A
369	NDUFS8
11733	TEAD1
280	TMEM107
631	SORL1
369	NDUFS6
206	RASA2
659	CA4
10310	TCF3
12138	PRKG1
23482	CPT1C
23235	IFNAR2
5543	GNA11
10453	GNA11
477	WRAP53
23427	FGF12
369	NDUFB9
1511	PDE3A
11303	UROS
3468	FASLG
26041	NACC1
20108	CSF2RB
22711	TAF2
17834	MYF6
28585	TOP2B
7029	STN1
21456	STN1
10958	SFTPB
18862	SFTPB
429	RPL15
1259	OGDH
8022	GPD1L
26330	VPS33A
10759	HNRNPDL
3551	MAGI2
932	UCHL1
22093	UCHL1
19797	PDSS1
23032	SLC52A1
3011	SCARF2
27491	SYNCRIP
3256	STEEP1
19857	SH2B1
19860	SH2B1
21916	SH2B1
20715	SOX17
23114	RASGRP2
27491	DDX6
19874	KIF15
25255	ADSS1
23411	RPIA
145	FKBP6
28103	NAXD
2510	PDE6D
102	GABRD
1738	GABRD
10424	GABRD
518	FLI1
3381	FLI1
3759	FLI1
22490	FLI1
22491	FLI1
11434	MMP1
732	NCAPD3
19298	NTN1
631	PSEN2
635	PSEN2
7029	SFTPC
10958	SFTPC
748	SLC1A3
18676	SLC1A3
11582	AKT3
14375	AKT3
23481	COPA
17930	DISC1
27491	AGO2
12808	DLK1
12843	DLK1
17866	DLK1
19758	DLK1
19759	DLK1
19760	DLK1
19761	DLK1
3256	ALG13
21777	ALG13
2489	SMARCA2
3183	SMARCA2
3551	ACTN4
12047	PPIP5K2
22601	TTI2
27491	FBXW11
854	JAK2
3599	JAK2
8745	JAK2
8747	JAK2
11014	JAK2
145	GTF2IRD1
27491	KDM4B
26292	RFC1
23709	MRPS7
22683	PLAG1
23663	PLAG1
23427	GRIN2D
27333	LAMA5
13778	ATXN10
2277	INPP5K
23427	FGF13
299	BRD4
20358	SLC26A8
13846	CBFB
26329	SLC30A9
3132	EXOSC3
889	NEUROD2
8022	SCN3B
25178	PRDM12
3525	TECRL
14727	SCN4B
635	GATAD1
8022	KCND3
13789	KCND3
937	SPINK1
14991	SPINK1
8022	CACNA2D1
10670	CACNA2D1
21664	MRPL3
23041	PRKAR1B
13822	TUBB4A
16896	TUBB4A
22490	SMARCA5
22603	TNK2
20889	CYP26B1
3560	TERF2IP
14422	ENO3
3551	NUP93
21452	ALPK1
789	IRF4
12138	MAT2A
10653	SEC23A
2008	SLC25A24
3173	SLC25A24
12558	STX16
647	SREBF1
10856	NGF
10437	KCTD17
20246	ZIC4
20247	ZIC4
3360	GLYCTK
12046	OSBPL2
23373	GCGR
659	IFT88
1684	KCNJ8
8022	KCNJ8
12618	FOXA2
25139	TRMT5
20902	ADAM17
29432	FAT2
10319	GTF2E2
3252	EPB42
19597	LOXL3
2357	ORC6
23479	AFF4
10918	KRT85
12291	KIF22
20358	AK7
28140	PIK3C2A
23324	COX6A1
280	B9D1
1022	B9D1
19265	SLC35A1
11074	RGS9BP
12047	GRXCR2
659	PDE6G
2825	ARNT2
10378	SIX6
13955	SIX6
23319	SIX6
421	TNNT3
422	TNNT3
659	RP9
22701	ITM2B
3551	NUP205
2036	CCBE1
12047	CABP2
665	DNAJB13
19738	MTPAP
18036	FARSB
21903	RNF31
26293	LAT
1444	PRPS1
12045	PRPS1
14031	PRPS1
23018	PRPS1
23019	PRPS1
23160	PRPS1
16711	ACY1
3525	CALM3
14727	CALM3
634	RFWD3
23209	STING1
25239	STING1
18695	PRKRA
369	NDUFA11
14044	LMNB1
22746	KLHL9
3643	EIF2AK2
932	PODXL
22620	PODXL
13971	KRT12
148	FGFR3
161	FGFR3
235	FGFR3
1837	FGFR3
2207	FGFR3
10368	FGFR3
10716	FGFR3
11631	FGFR3
11632	FGFR3
12205	FGFR3
12216	FGFR3
19649	FGFR3
19650	FGFR3
17779	TSPYL1
18688	ADD3
27328	ATP1A1
25803	HIKESHI
203	HSD17B3
3469	MS4A1
12285	DDRGK1
14158	PTPN14
147	LETM1
1984	WDR4
558	FOXI1
22876	FOXI1
11000	GLUL
1984	TP53RK
3551	PTPRO
369	NDUFAF1
22619	PPP1R15B
19062	CORO1A
433	SLC25A4
23543	MPC1
23109	CIZ1
829	F12
14627	F12
2429	PTDSS1
820	GATA5
27491	TCF7L2
2752	SMS
732	MFSD2A
24168	SLC25A26
23427	GABRA5
12563	ATCAY
19806	PDHB
21671	IFNGR2
21676	IFNGR2
21678	IFNGR2
12046	TNC
11095	ERMARD
13909	ERMARD
1738	UBE4B
11652	XYLT2
19198	BLOC1S5
2825	PROKR2
3249	PROKR2
12620	PROKR2
10579	ISCU
3052	KCNN3
3313	KHK
3469	CD81
905	FOXE1
1470	FOXE1
12668	FOXE1
369	NDUFS3
820	NKX2-6
2997	NKX2-6
3256	ACSL4
11738	ACSL4
369	NDUFS7
26575	KLHL24
12047	RIPOR2
14826	TSPOAP1
7029	DPP9
885	CUX2
905	TPR
796	GP9
732	SASS6
17764	NANS
21228	ALX1
1429	PMPCA
22860	DCAF8
27491	KAT8
1584	GJA8
665	NEK10
4054	YWHAE
18852	YWHAE
19865	YWHAE
14643	TMEM106B
20340	TMEM106B
20358	FSIP2
17007	TPM4
27491	CCDC32
1044	DHX37
1300	DHX37
19642	DHX37
121	CDKN1A
11601	PIGM
20707	ADK
18690	AXIN1
20358	CATSPER1
145	DNAJC30
167	DNAJC30
659	ZNF513
8028	INS
14458	INS
647	ERBB3
16715	ERBB3
12046	HOMER2
293	POLR1B
1984	LAGE3
12440	SLC4A4
17162	RBM28
11602	SLC11A2
25369	DGAT2
19264	SLC6A3
783	MST1
23427	GABRA2
876	P4HA2
1975	MAP3K7
2897	MAP3K7
387	FLII
1777	TUBB2B
10586	TUBB2B
21133	TUBB2B
24201	TUBB2B
201	SEMA5A
477	DKC1
2949	DKC1
542	REV3L
12167	BNC2
7029	ATP11A
23708	SLC6A17
18793	SERPINH1
19519	AP1S3
102	JRK
10832	JRK
3256	AGTR2
508	TRPV6
27491	LMBRD2
2971	DLX3
11651	WNT3A
822	SRP54
5536	SRP54
477	NOP10
23440	AKR1C4
243	AKT1
565	AKT1
1030	AKT1
220	KITLG
12046	KITLG
20484	KITLG
22312	KITLG
659	ARL2BP
23427	SLC1A2
1269	PDE4D
20490	PDE4D
23391	PDE4D
703	IL23R
11925	LAMTOR2
10349	B2M
21509	B2M
822	GFI1
20425	ALG11
429	RPS20
17007	ACTN1
429	RPL18
477	NHP2
13860	KLHDC8B
24179	VPS11
106	EPHA4
211	KCNE3
8022	KCNE3
739	PGK1
8559	NABP1
10417	P2RY12
17144	WWTR1
13846	FLT3
13849	FLT3
13850	FLT3
13851	FLT3
14981	FLT3
16716	PIP5K1C
13886	CDIN1
13693	MCAT
3198	BMS1
124	JAZF1
1746	SMARCAD1
20723	SMARCAD1
604	EED
905	EIF1AX
429	RPL35
14362	SSUH2
3469	TNFRSF13B
20169	PPM1K
23321	RPL10
23772	RPL10
14371	SUMO1
25142	USP6
23152	ELOVL5
16737	GNAI3
124	C4B
145	RFC2
21909	PROZ
8559	ZBTB16
145	VPS37D
21546	ATP2B3
502	CLTRN
1971	P4HB
18791	P4HB
2588	WNT7A
2610	WNT7A
22501	STT3B
10874	CEP126
8575	HLA-DRA
19642	DMRT3
22322	ADORA2A
1738	PRKCZ
18905	CCN2
20319	STOX1
126	HIRA
13990	OVOL2
13992	OVOL2
2781	WNT5A
19733	SH3PXD2A
13909	ARF1
124	TNFSF4
3637	TNFSF4
4054	HIC1
11651	DKK1
20220	DKK1
19148	SASH1
23554	SASH1
21680	IRF8
806	MLX
7023	KDSR
8631	KDSR
10899	P2RX7
14981	RUNX1T1
19649	TACC1
19650	TACC1
27491	PALS1
11011	HOXA11
145	CLIP2
458	AMPD3
20497	BRCC3
8692	ITGA2
49	CEACAM3
17863	CD59
23022	EIF4G1
8577	EPS8L3
14647	DAXX
12671	IYD
10328	GGT1
1044	CBX2
106	PFN1
21722	KLC2
124	STAT4
703	STAT4
11709	STAT4
11710	STAT4
124	FCGR2B
1305	PRRX1
3735	NAB2
27491	TRAPPC4
2322	RAB18
302	HLA-DQA1
22629	HLA-DQA1
8750	BCL6
13855	BCL6
11724	POLA1
17558	POLA1
18947	KNSTRN
20358	CFAP70
19546	FTH1
2142	MBTPS2
2192	MBTPS2
8652	MBTPS2
11674	MBTPS2
18791	MBTPS2
14371	TGFA
23368	PRKACG
11581	ZNF592
19522	EPAS1
20390	EPAS1
21762	EPAS1
10698	HNRNPA2B1
8775	DLST
17929	MUCL3
12046	DIABLO
10857	PIK3R5
21774	CLIC2
18742	INHBA
8775	SLC25A11
2261	SEM1
20252	TRIM71
180	EDA2R
11909	KATNB1
18682	PLEKHM1
3249	FLRT3
17778	HSD11B1
20358	SEPTIN12
11685	HSD17B10
22623	HSD17B10
3637	MOG
49	CEACAM6
12046	SLC17A8
27330	CYP51A1
206	RRAS2
22831	WDR48
14678	ALAD
10899	IKZF3
124	SPP1
19593	TRIM44
631	PSEN1
635	PSEN1
14643	PSEN1
20340	PSEN1
20879	COLEC11
1984	TPRKB
12484	GAS1
12485	GAS1
12486	GAS1
18904	GAS1
20435	GAS1
20436	GAS1
8758	MAP3K6
14379	FADD
21230	FADD
369	NDUFA1
10466	SLC6A20
124	UBE2L3
12510	ATP6AP2
22332	ATP6AP2
23022	GIGYF2
2896	FGF9
257	USP9Y
429	RPS28
703	UBAC2
23233	TNFRSF4
106	PON2
126	RREB1
8571	KRT71
1071	MYMK
16903	WNT4
19544	WNT4
124	IRF5
874	IRF5
18905	IRF5
27491	RNF2
22343	DAB1
17817	CD8A
10688	IGBP1
11600	AIFM1
14789	AIFM1
16923	AIFM1
19262	AIFM1
703	ERAP1
2169	KRT6B
19120	NKX3-2
11144	GABRA3
145	MLXIPL
145	GTF2I
635	TAF1A
3709	GDF3
13955	GDF3
635	TNNC1
27332	ADAMTSL1
18389	BCO1
13451	VKORC1
1039	MAFB
2524	MAFB
27595	MAFB
8028	KLF11
22437	RBSN
20587	IGFBP7
12281	NEPRO
3506	MRAP
3400	CD28
3401	CD28
1042	LFNG
2910	CKAP2L
11709	PTPN2
11710	PTPN2
556	TNFRSF11A
1784	TNFRSF11A
18023	TNFRSF11A
22629	TNFRSF11A
631	TOMM40
22684	NFS1
8740	HSD11B2
27624	CYP2A6
14985	TREH
18395	DLX4
11940	SLC46A1
14699	NIPA1
19855	NIPA1
18808	BEAN1
22851	DNAJB1
126	ARVCF
703	CCR1
3363	DCXR
27324	KIDINS220
106	PON1
27491	NTNG2
647	SEMA3C
634	MAD2L2
14550	RNF6
8559	NUMA1
20319	CORIN
11623	RSPO1
20346	SLC27A5
12047	GRAP
220	SNAI2
2612	SNAI2
21494	IRX5
17556	HDAC6
20590	SYT14
29437	RHOA
1738	LUZP1
3551	ANKFY1
21935	CBFA2T3
14230	HPCA
732	CDK6
23138	OGG1
20358	SPAG17
11807	TENM1
369	NDUFB10
1594	TGDS
106	VAPB
18654	VAPB
542	PLXND1
2997	PLXND1
23322	SPRTN
1957	ABCA5
1039	CHN1
891	AP2M1
2261	DLX6
905	LPAR4
1007	FOS
20319	FLT1
27491	ACTL6A
738	ALDOA
3543	GNA14
3544	GNA14
11734	MARCHF6
16909	SLC40A1
16909	SLC40A1
16896	UFM1
7029	MUC5B
17929	MUC5B
11625	NDUFA2
145	LIMK1
10601	HBG1
19175	HBG1
19638	HBG1
2589	ERAL1
882	SLCO1B3
23365	PCNA
677	PHKG1
14550	DLEC1
429	RPS29
19666	ZFTA
27668	ZFTA
23138	FHIT
12484	TGIF1
12485	TGIF1
12486	TGIF1
18904	TGIF1
20435	TGIF1
20436	TGIF1
2656	FGF20
10310	LRRC8A
20317	MSTN
18908	PLAU
12047	TMEM132E
477	NPM1
8559	NPM1
13850	NPM1
13851	NPM1
13859	NPM1
21147	NPM1
10466	SLC36A2
302	HLA-DQB1
3637	HLA-DQB1
8663	HLA-DQB1
11576	HLA-DQB1
145	BCL7B
14630	XPNPEP2
17866	MKRN3
1011	POLR3H
124	PTPN22
759	PTPN22
876	PTPN22
7028	PTPN22
11709	PTPN22
11710	PTPN22
14059	CFC1
18789	CFC1
18790	CFC1
19476	CFC1
18905	CCR6
759	PRTN3
12047	S1PR2
703	KLRC4
12047	BDP1
18668	NR4A3
563	SEPTIN9
13984	UBIAD1
647	GDNF
2497	GDNF
1044	DMRT1
13788	IFRD1
2079	KRT1
11529	KRT1
20530	KRT1
20532	KRT1
27669	KRT1
27942	KRT1
1242	CCDC22
732	COPB2
11129	AKT2
20896	AKT2
28629	ISCA1
150	ATN1
905	CCDC6
548	LMO1
124	BANK1
8756	VMA21
10437	DRD2
22922	FBLN1
3256	ARHGEF6
12046	SLC44A4
875	FUZ
946	FUZ
20187	FUZ
20188	FUZ
20189	FUZ
20190	FUZ
20191	FUZ
20192	FUZ
20194	FUZ
20195	FUZ
20196	FUZ
20197	FUZ
20198	FUZ
20199	FUZ
23138	SLC49A4
3249	HS6ST1
22862	PAM16
659	PRPF4
10760	SNRPE
25902	HTR1A
11734	SAMD12
1506	EMG1
3637	ZNF365
11576	ZNF365
12005	AGGF1
18690	PDGFRL
106	GLT8D1
49	SLC26A9
3249	SPRY4
22312	SPRY4
905	GOLGA5
14376	ASCL1
10760	APCDD1
196	MDM2
14543	MDM2
14544	MDM2
13693	YME1L1
12050	TFB1M
18932	FAM111B
17525	CAMKMT
19272	CAMKMT
22441	CAMKMT
10760	RPL21
19649	SEPTIN14
19650	SEPTIN14
12046	PDE1C
11563	SMN2
11565	SMN2
11566	SMN2
11567	SMN2
3256	HCFC1
22454	HCFC1
8571	KRT25
3637	HCRT
11576	HCRT
1510	MACROH2A1
20328	KCNK3
14540	DDIT3
2497	MYO1H
19298	DNAL4
145	BUD23
27458	HLX
23427	TRAK1
124	IRAK1
17930	EOMES
16922	CCT5
11563	NAIP
11565	NAIP
11566	NAIP
145	GTF2IRD2
905	NDUFA13
946	VANGL1
20187	VANGL1
20188	VANGL1
20189	VANGL1
20190	VANGL1
20191	VANGL1
20192	VANGL1
20194	VANGL1
20195	VANGL1
20196	VANGL1
20197	VANGL1
20198	VANGL1
20199	VANGL1
14779	DCN
21127	DDOST
3207	ADCY6
23351	FCGR3A
732	TAF13
29428	PLCB3
548	TOP2A
22931	RUBCN
19875	MAPK1
147	CTBP1
17007	TRPM7
12046	ABCC1
932	SNCA
23022	SNCA
905	TRIM24
3551	NUP85
23714	THOC2
27491	MED27
8559	FIP1L1
21543	FIP1L1
19875	CRKL
106	DAO
27494	CLDN10
10378	TMEM98
13971	KRT3
11718	SAA1
10586	PHOX2A
3637	CTSH
8691	SERPINE1
24160	TMEM199
24231	ITPR2
3525	CALM2
14727	CALM2
3400	TNFRSF1B
3401	TNFRSF1B
3525	CALM1
14727	CALM1
13951	JPH3
1610	PADI3
20476	BANF1
13840	SRSF2
13866	SRSF2
13867	SRSF2
257	DAZ2
2589	CLPP
874	SPIB
905	TRIM27
124	HLA-DRB1
735	HLA-DRB1
876	HLA-DRB1
3482	HLA-DRB1
3637	HLA-DRB1
8663	HLA-DRB1
8750	HLA-DRB1
11576	HLA-DRB1
11711	HLA-DRB1
18905	HLA-DRB1
18907	HLA-DRB1
7029	FAM13A
106	ANG
8692	CD109
27491	RLIM
647	ECE1
26450	SELENOI
2261	EPS15L1
10720	TAF1
25230	TAF1
2100	TDO2
894	PHACTR1
25089	TFRC
3469	TNFRSF13C
13776	TBP
1738	PDPN
429	RPS7
145	TMEM270
545	CNBP
8581	KRT86
11178	SLC17A9
2462	PPP1CB
3655	GYPC
874	TNFSF15
22684	LYRM4
126	SEC24C
124	TNIP1
2192	LRP1
11142	LRP1
106	PPARGC1A
49	GSTM3
281	NAA10
20380	NAA10
10670	SLC4A3
49	SLC11A1
863	SLC11A1
11672	EIF2S3
19293	TRH
24224	PLA2G4A
25153	PLA2G4A
3256	ZNF81
874	MMEL1
14685	TMEM185A
11750	RPS14
10601	HBG2
19638	HBG2
20481	HBG2
18978	NUP62
321	DPF2
18404	COX4I2
3249	FEZF1
49	STX1A
145	STX1A
905	NTRK3
3734	NTRK3
121	CDKN2C
905	TRIM33
664	PABPN1
23453	SLC6A2
14344	UBB
14345	UBB
23022	DNAJC13
23440	AKR1C2
1022	CBY1
635	CAP2
8776	CCND1
10693	CCND1
10899	CCND1
305	AP3D1
629	AP3D1
10951	PTPN3
3404	HLA-A
3705	BCR
19875	BCR
14727	NOS1AP
2024	UFSP2
759	HLA-DPB1
1061	HLA-DPB1
8022	SCN2B
25683	TNFRSF10B
25684	TNFRSF10B
26030	TNFRSF10B
26034	TNFRSF10B
26073	TNFRSF10B
26074	TNFRSF10B
21995	FCN3
420	ERGIC1
24158	FRMD4A
22500	STT3A
937	PRSS2
548	LIN28B
22925	ZP3
794	CAT
11178	MVD
14459	ZFP57
28091	MYL1
28056	CA12
124	PXK
21625	VPS37A
10997	RHCE
3759	ERG
22490	ERG
265	SULT2B1
14329	FOXO1
20533	POMP
24233	CRIM1
433	TKFC
23034	FGF5
12046	SSBP1
23427	ARV1
2545	ABCB7
11147	CREB3L2
25683	ING1
25684	ING1
26030	ING1
26034	ING1
26073	ING1
26074	ING1
854	CALR
3599	CALR
8745	CALR
3759	ETV1
10466	SLC6A18
18376	PRKACA
22851	PRKACA
11734	YEATS2
23118	KANK2
19674	QKI
3735	STAT6
905	ERC1
20454	ERC1
1351	BUB1
7029	SFTPA2
3759	ETV4
24048	ATP4A
10899	RPS15
1738	CASZ1
3249	FGF17
11772	HAVCR2
1042	HES7
665	CFAP221
2188	AQP5
106	MATR3
8731	MATR3
27491	NTNG1
1843	TLCD3B
13990	COL8A2
13991	COL8A2
23478	BRF1
3256	SLC9A7
10997	RHD
12138	HEY2
14362	VPS4B
145	TBL2
1209	ACTG2
2113	ACTG2
1011	PSMC3IP
22925	ZP2
118	SLC2A3
591	GNAQ
10453	GNAQ
12047	ROR1
369	NDUFAF4
126	UFD1
12490	ISL1
659	PRPF3
49	DCTN4
10405	MCFD2
106	UBQLN2
3759	EWSR1
11579	EWSR1
18668	EWSR1
22490	EWSR1
19642	VAMP7
62	FRG1
631	APP
14579	APP
21798	APP
21799	APP
21800	APP
21801	APP
21802	APP
243	KLLN
1962	KCTD1
13782	PLEKHG4
7027	KDF1
25401	SIX2
26573	RMI2
10326	TRANK1
14315	SLC25A19
18854	SLC25A19
22866	KRT6C
429	RPL31
11178	FDPS
1414	UBA1
29783	UBA1
2825	SOX3
5546	SOX3
10905	SOX3
2334	TSEN15
49	SLC6A14
18793	TENT5A
26001	RAC1
12557	SLC2A9
429	TSR2
29429	PISD
19522	EPO
665	STK36
20359	ATXN3
20360	ATXN3
20361	ATXN3
556	TNFRSF11B
1614	TNFRSF11B
3738	SSX1
22318	ADAT3
23427	CDK19
647	SEMA3D
25167	TRMT10C
703	HLA-B
806	HLA-B
876	HLA-B
8778	HLA-B
8778	HLA-B
10430	HLA-B
20331	HLA-B
11709	ANKRD55
11710	ANKRD55
8775	MDH2
11754	MYB
19674	MYB
10694	BIRC3
2257	IDH1
14219	IDH1
17509	IDH1
19649	IDH1
19650	IDH1
23323	SGO1
124	KIAA0319L
24203	CCDC174
874	POU2AF1
17144	TFE3
735	BTNL2
22839	ZFR
1351	BUB3
19855	NIPA2
12046	PLS1
27491	HS2ST1
10907	MICOS13
18794	SPARC
106	CCNF
23427	ATP6V1A
23138	RNF139
12269	ZNF141
243	USF3
145	METTL27
634	UBE2T
20187	VANGL2
20188	VANGL2
20189	VANGL2
20190	VANGL2
20191	VANGL2
20192	VANGL2
20194	VANGL2
20195	VANGL2
20196	VANGL2
20197	VANGL2
20198	VANGL2
20199	VANGL2
7027	TRAF6
14426	EIF2B3
257	DDX3Y
8559	RARA
17782	ZNF750
20371	KEAP1
1584	MAF
3187	MAF
17525	PPM1B
1738	MMP23B
2370	GPKOW
2192	SAT1
1599	SNRPB
23564	SLC9A1
23138	HSPBAP1
3747	MYC
12107	SLC25A3
22352	TMPRSS4
25388	MSMO1
8559	PML
11711	IL6
23546	LIPT2
21232	YIPF5
13801	CRH
8750	BCL2
124	PDCD1
145	EIF4H
12449	HBA1
13808	HBA1
17507	HBA1
21963	HBA1
19267	EPHX1
2156	NOTCH2NLC
812	CISD2
820	CITED2
121	CDKN2B
3560	CDKN2B
19805	GLRX5
22844	GLRX5
429	RPS15A
1926	BHLHA9
2954	BHLHA9
17147	BHLHA9
11144	KCNJ18
665	GAS2L2
19866	LHX1
12047	WBP2
647	NRTN
49	MIF
11711	MIF
408	GPR101
177	OPN1MW
1843	OPN1MW
11919	OPN1MW
